{"type":"FeatureCollection","name":"thailand-provinces","features":[{"type":"Feature","properties":{"iso":"TH-45","name_en":"Roi Et Province","label_lon":103.7643,"label_lat":15.9332},"geometry":{"type":"Polygon","coordinates":[[[103.5111,16.1983],[103.4686,16.1183],[103.4678,16.0739],[103.4858,16.0369],[103.4822,15.9789],[103.4972,15.9267],[103.4597,15.8406],[103.4397,15.7172],[103.423,15.7056],[103.3858,15.7117],[103.3544,15.7019],[103.3141,15.6242],[103.298,15.6125],[103.2983,15.5956],[103.3172,15.5864],[103.323,15.5617],[103.3803,15.525],[103.4125,15.5342],[103.4405,15.52],[103.4197,15.4467],[103.4048,15.4369],[103.4722,15.4469],[103.5294,15.4339],[103.5647,15.4597],[103.5997,15.4661],[103.64,15.4489],[103.7753,15.435],[103.8297,15.4586],[103.88,15.4608],[103.8861,15.4694],[103.9005,15.4389],[103.9347,15.4408],[103.9386,15.4183],[103.9714,15.4244],[103.9828,15.4034],[103.993,15.4297],[104.0497,15.4847],[104.0817,15.5372],[104.0997,15.5369],[104.1069,15.5533],[104.1225,15.5561],[104.1414,15.5792],[104.2061,15.6009],[104.2134,15.616],[104.1869,15.6094],[104.1822,15.6218],[104.1914,15.6322],[104.1701,15.6325],[104.1785,15.6386],[104.1721,15.6602],[104.184,15.6566],[104.1874,15.6656],[104.1755,15.6638],[104.1769,15.6713],[104.1524,15.6902],[104.1422,15.7063],[104.1481,15.7123],[104.1284,15.696],[104.1182,15.7021],[104.1307,15.7055],[104.1322,15.7432],[104.1418,15.7512],[104.1274,15.7685],[104.1386,15.7852],[104.134,15.7996],[104.1117,15.8063],[104.0742,15.8394],[104.0699,15.8273],[104.0796,15.8226],[104.0675,15.8132],[104.035,15.7961],[104.0003,15.7957],[103.9977,15.8142],[104.0142,15.8174],[104.0074,15.8315],[104.0171,15.8302],[104.0125,15.8445],[104.0211,15.8395],[104.0188,15.8483],[104.0277,15.8518],[104.0197,15.8671],[104.0367,15.8683],[104.0236,15.8703],[104.0322,15.8752],[104.015,15.8864],[104.0212,15.8912],[104.0141,15.9108],[104.0237,15.9118],[104.0361,15.9397],[104.015,15.9719],[104.048,15.9844],[104.1086,15.9819],[104.1191,16.0375],[104.0978,16.0711],[104.1044,16.0911],[104.1508,16.1139],[104.1789,16.1425],[104.2328,16.1672],[104.2719,16.2367],[104.2928,16.2536],[104.3236,16.2553],[104.3503,16.2894],[104.3559,16.3233],[104.3278,16.3294],[104.3255,16.4258],[104.3144,16.4642],[104.2961,16.4719],[104.2831,16.4472],[104.244,16.4329],[104.1572,16.4431],[104.0464,16.3892],[104.0403,16.4411],[104.0008,16.4467],[103.9792,16.4358],[103.9214,16.4436],[103.8722,16.4686],[103.8219,16.4664],[103.7019,16.3817],[103.7208,16.3542],[103.7253,16.3289],[103.7514,16.3039],[103.7536,16.2651],[103.7353,16.2506],[103.724,16.2192],[103.6991,16.2264],[103.6908,16.2142],[103.6653,16.2225],[103.6714,16.1986],[103.6422,16.1911],[103.6147,16.2175],[103.6016,16.2161],[103.6136,16.2042],[103.6005,16.1964],[103.5617,16.203],[103.5591,16.2167],[103.5372,16.2214],[103.5111,16.1983]]]}},{"type":"Feature","properties":{"iso":"TH-56","name_en":"Phayao Province","label_lon":100.1523,"label_lat":19.2818},"geometry":{"type":"Polygon","coordinates":[[[99.6872,19.4298],[99.6969,19.3497],[99.7092,19.3386],[99.7019,19.314],[99.706,19.2403],[99.7263,19.1701],[99.7586,19.1339],[99.7743,19.0641],[99.8208,19.042],[99.8349,19.0268],[99.8301,19.0088],[99.8386,18.9997],[99.8757,18.9986],[99.9069,18.9831],[99.9929,18.9086],[100.0397,18.8983],[100.0644,18.88],[100.0659,18.8167],[100.0877,18.8276],[100.1125,18.8083],[100.118,18.8199],[100.1338,18.8173],[100.1561,18.8346],[100.1768,18.8115],[100.1857,18.822],[100.1962,18.8144],[100.2262,18.826],[100.3012,18.8187],[100.3115,18.8101],[100.3386,18.8132],[100.3402,18.8066],[100.3383,18.8257],[100.3634,18.8482],[100.4046,18.9451],[100.4326,18.9469],[100.4545,18.9343],[100.5019,18.9783],[100.4955,18.9908],[100.4486,19.0006],[100.4725,19.0469],[100.5083,19.0517],[100.5711,19.0258],[100.5508,19.0647],[100.563,19.0956],[100.6086,19.1053],[100.6336,19.1281],[100.6194,19.1453],[100.6103,19.215],[100.5953,19.2497],[100.608,19.3239],[100.5808,19.3364],[100.5744,19.3486],[100.5544,19.3386],[100.5355,19.3431],[100.5114,19.3797],[100.5122,19.3953],[100.5505,19.4281],[100.5719,19.4678],[100.4819,19.4915],[100.4719,19.5316],[100.4912,19.5772],[100.4832,19.6092],[100.443,19.6348],[100.4437,19.6616],[100.4279,19.6727],[100.4461,19.7071],[100.4066,19.7355],[100.3838,19.7087],[100.3377,19.7087],[100.3418,19.688],[100.317,19.6487],[100.2896,19.6425],[100.2764,19.65],[100.2644,19.6344],[100.2175,19.6356],[100.1831,19.6126],[100.1641,19.5714],[100.1664,19.5483],[100.1536,19.5367],[100.1564,19.5206],[100.1392,19.5011],[100.1369,19.4733],[100.108,19.4683],[100.0866,19.4522],[100.0764,19.4261],[100.0236,19.4375],[99.9594,19.3892],[99.9264,19.385],[99.91,19.4058],[99.9222,19.4669],[99.9017,19.4847],[99.8525,19.4675],[99.738,19.4544],[99.7089,19.4314],[99.6872,19.4298]]]}},{"type":"Feature","properties":{"iso":"TH-60","name_en":"Nakhon Sawan Province","label_lon":100.0558,"label_lat":15.7051},"geometry":{"type":"Polygon","coordinates":[[[99.089,15.8875],[99.0976,15.8752],[99.0975,15.833],[99.128,15.8122],[99.1364,15.7778],[99.1841,15.7823],[99.2031,15.7658],[99.2171,15.7664],[99.2473,15.7224],[99.2768,15.7173],[99.2973,15.6929],[99.3325,15.6917],[99.3549,15.6808],[99.3843,15.6208],[99.4284,15.6105],[99.4789,15.5656],[99.522,15.5638],[99.5566,15.5839],[99.5855,15.6203],[99.6239,15.6333],[99.6591,15.6636],[99.6953,15.6789],[99.738,15.6775],[99.7703,15.64],[99.8086,15.625],[99.8606,15.6345],[99.8703,15.565],[99.9108,15.515],[99.9333,15.5058],[99.953,15.5147],[99.9722,15.5089],[100.0039,15.4742],[100.0455,15.4511],[100.0579,15.4196],[100.1244,15.4183],[100.1686,15.3733],[100.2164,15.3503],[100.2521,15.3006],[100.2695,15.2973],[100.2685,15.2546],[100.2922,15.2233],[100.3014,15.1783],[100.3091,15.1675],[100.3492,15.155],[100.3494,15.1253],[100.3647,15.0947],[100.4427,15.0603],[100.4477,15.0781],[100.4808,15.1103],[100.493,15.1733],[100.53,15.1967],[100.5339,15.2292],[100.563,15.2706],[100.5925,15.2872],[100.7433,15.4347],[100.7517,15.4592],[100.7386,15.5094],[100.7891,15.5433],[100.8,15.5883],[100.835,15.6328],[100.8172,15.6611],[100.8308,15.6872],[100.7891,15.8053],[100.7978,15.8714],[100.7569,15.8958],[100.755,15.9306],[100.6025,15.9525],[100.5061,15.9247],[100.4658,15.9322],[100.4144,15.9231],[100.3153,15.945],[100.2958,15.9364],[100.2919,15.9114],[100.2636,15.9089],[100.2439,15.9303],[100.2208,15.9231],[100.1678,15.9556],[100.1275,16.0325],[100.118,16.0786],[100.0883,16.1181],[100.0944,16.1408],[100.0389,16.1839],[100.0233,16.2328],[100.0341,16.2581],[100.0219,16.3108],[99.9944,16.3378],[99.945,16.2847],[99.9469,16.2217],[99.8997,16.1289],[99.8941,16.0772],[99.8114,16.0058],[99.7614,15.9206],[99.763,15.8917],[99.7305,15.8264],[99.6833,15.7992],[99.6719,15.7825],[99.6397,15.8114],[99.6139,15.8811],[99.5781,15.9054],[99.5565,15.9064],[99.5374,15.9249],[99.4793,15.9222],[99.4773,15.9023],[99.4663,15.9008],[99.4309,15.9095],[99.4256,15.9209],[99.4051,15.91],[99.3577,15.9269],[99.3302,15.9115],[99.32,15.9275],[99.3104,15.9049],[99.2896,15.9046],[99.2897,15.8917],[99.2086,15.9484],[99.2045,15.9363],[99.1941,15.9454],[99.1861,15.9285],[99.1723,15.9372],[99.1485,15.9107],[99.1291,15.9143],[99.0961,15.8846],[99.089,15.8875]]]}},{"type":"Feature","properties":{"iso":"TH-39","name_en":"Nong Bua Lam Phu Province","label_lon":102.2458,"label_lat":17.224},"geometry":{"type":"Polygon","coordinates":[[[102.0808,17.6433],[102.1219,17.5825],[102.1439,17.5114],[102.13,17.4847],[102.0789,17.4519],[101.9886,17.4514],[101.9844,17.4175],[102.0217,17.3669],[102.0255,17.3242],[101.9844,17.2811],[101.9814,17.2447],[101.945,17.2061],[101.9533,17.1736],[101.9775,17.1464],[102.0886,17.1053],[102.11,17.0753],[102.1103,17.0572],[102.1539,17.0217],[102.1092,17.0006],[102.0833,16.9758],[102.0333,16.9558],[102.0525,16.9128],[102.0708,16.8852],[102.099,16.8833],[102.1047,16.8974],[102.1244,16.8806],[102.1563,16.8811],[102.1717,16.8648],[102.1801,16.872],[102.1883,16.8575],[102.2138,16.8603],[102.2353,16.8806],[102.2492,16.8784],[102.2543,16.8948],[102.2952,16.8919],[102.2915,16.884],[102.3068,16.8843],[102.3024,16.877],[102.3118,16.8674],[102.3248,16.8668],[102.3167,16.855],[102.3306,16.855],[102.3235,16.8464],[102.3403,16.8361],[102.3437,16.8178],[102.3504,16.8309],[102.3614,16.8168],[102.3836,16.8164],[102.4211,16.7892],[102.4711,16.7986],[102.5217,16.7903],[102.5617,16.7597],[102.6098,16.7691],[102.6884,16.987],[102.6322,17.0027],[102.6195,17.0194],[102.5746,17.0376],[102.5203,17.1002],[102.508,17.1355],[102.525,17.1431],[102.5159,17.1598],[102.5211,17.1829],[102.5119,17.1855],[102.5195,17.2163],[102.5385,17.2307],[102.5481,17.2174],[102.5572,17.2375],[102.5766,17.2326],[102.5957,17.2625],[102.5409,17.2606],[102.4965,17.2841],[102.4746,17.2762],[102.4623,17.2849],[102.4441,17.2796],[102.446,17.3391],[102.3968,17.4353],[102.3678,17.5227],[102.3575,17.525],[102.3436,17.5515],[102.3476,17.5818],[102.3381,17.589],[102.3286,17.6483],[102.3325,17.6782],[102.2766,17.6703],[102.2877,17.6548],[102.1932,17.6593],[102.1718,17.6752],[102.1547,17.6718],[102.1575,17.6605],[102.138,17.6408],[102.1202,17.6442],[102.1146,17.6567],[102.0808,17.6433]]]}},{"type":"Feature","properties":{"iso":"TH-24","name_en":"Chachoengsao Province","label_lon":101.5933,"label_lat":13.5747},"geometry":{"type":"Polygon","coordinates":[[[100.849,13.4791],[100.935,13.4626],[100.9692,13.4764],[100.9735,13.4643],[100.9972,13.4633],[101.0535,13.509],[101.0508,13.545],[101.1205,13.5639],[101.1405,13.5903],[101.2839,13.5489],[101.2972,13.5389],[101.3119,13.5036],[101.3661,13.4553],[101.4039,13.4589],[101.4464,13.4094],[101.4894,13.4172],[101.5264,13.3975],[101.5619,13.3322],[101.6358,13.2939],[101.6827,13.2481],[101.7153,13.1931],[101.7175,13.1716],[101.7322,13.1839],[101.7703,13.1808],[101.8167,13.2072],[101.8292,13.2283],[101.8553,13.2383],[101.8722,13.2333],[101.8786,13.2172],[101.8889,13.22],[101.9111,13.2783],[101.9483,13.2911],[101.9952,13.3362],[101.9808,13.4008],[101.9472,13.4414],[101.9439,13.4744],[101.9519,13.4892],[101.9983,13.5],[101.9917,13.5783],[101.9797,13.5894],[101.9164,13.5856],[101.9225,13.6314],[101.8889,13.6592],[101.888,13.6986],[101.8761,13.7231],[101.8139,13.7206],[101.7883,13.7731],[101.7492,13.8039],[101.7028,13.7914],[101.6977,13.7608],[101.6789,13.7522],[101.6269,13.7653],[101.5944,13.7847],[101.5831,13.7822],[101.56,13.7494],[101.5447,13.7756],[101.3586,13.8608],[101.2633,13.8714],[101.2436,13.8625],[101.2214,13.8778],[101.148,13.8494],[101.1564,13.8614],[101.1402,13.8779],[101.1583,13.9286],[101.1402,13.9684],[101.1011,13.9743],[101.044,13.9766],[100.9142,13.9612],[100.9022,13.8488],[100.9384,13.8144],[100.9099,13.7905],[100.8552,13.6994],[100.9558,13.6624],[100.954,13.6471],[100.9639,13.6446],[100.9234,13.5936],[100.9072,13.5921],[100.915,13.571],[100.9041,13.5541],[100.89,13.5646],[100.872,13.5238],[100.8677,13.4817],[100.851,13.4872],[100.849,13.4791]]]}},{"type":"Feature","properties":{"iso":"TH-32","name_en":"Surin Province","label_lon":103.6691,"label_lat":14.91},"geometry":{"type":"Polygon","coordinates":[[[103.4048,15.4369],[103.3412,15.4059],[103.2695,15.4233],[103.2506,15.4485],[103.2246,15.4485],[103.2154,15.4613],[103.1143,15.4829],[103.1108,15.4506],[103.0904,15.4245],[103.1175,15.4019],[103.1351,15.4006],[103.1386,15.4121],[103.1461,15.4019],[103.1413,15.3884],[103.1545,15.3842],[103.148,15.3758],[103.1639,15.3644],[103.1563,15.3527],[103.1817,15.3681],[103.1944,15.3657],[103.1966,15.3583],[103.1872,15.3579],[103.1967,15.3355],[103.2119,15.3429],[103.2103,15.3311],[103.2236,15.3306],[103.2192,15.3213],[103.2526,15.3207],[103.2484,15.307],[103.2755,15.3194],[103.2896,15.2986],[103.306,15.3192],[103.3158,15.3181],[103.3136,15.3273],[103.3501,15.3403],[103.3495,15.3473],[103.3745,15.3393],[103.4029,15.3089],[103.4189,15.3167],[103.4273,15.3084],[103.4358,15.3353],[103.451,15.3355],[103.4437,15.3442],[103.4592,15.3354],[103.4677,15.3473],[103.4721,15.3205],[103.5038,15.3114],[103.497,15.3015],[103.5053,15.2923],[103.4805,15.2957],[103.4629,15.2831],[103.4592,15.2568],[103.4415,15.2634],[103.4477,15.2572],[103.4285,15.2138],[103.4362,15.2068],[103.419,15.201],[103.4183,15.1884],[103.429,15.1841],[103.4204,15.1683],[103.4294,15.1596],[103.421,15.152],[103.4292,15.1409],[103.4243,15.1304],[103.4334,15.1223],[103.4261,15.1059],[103.4422,15.1063],[103.4314,15.0997],[103.4288,15.083],[103.4417,15.0858],[103.4227,15.0659],[103.4483,15.0457],[103.4373,15.0299],[103.4221,15.0309],[103.4095,15.0034],[103.4268,14.9934],[103.4203,14.9852],[103.4307,14.9788],[103.4211,14.9774],[103.4296,14.9707],[103.4168,14.9588],[103.4282,14.9422],[103.426,14.9287],[103.4181,14.9191],[103.402,14.9196],[103.3982,14.9014],[103.4049,14.8975],[103.3895,14.8946],[103.3924,14.8862],[103.3791,14.8766],[103.385,14.8716],[103.3412,14.8388],[103.3462,14.8309],[103.3292,14.8328],[103.3083,14.8139],[103.3072,14.7928],[103.2841,14.7644],[103.2889,14.73],[103.2741,14.6783],[103.2508,14.6178],[103.2297,14.5922],[103.2375,14.5475],[103.228,14.5294],[103.2578,14.4414],[103.2408,14.4072],[103.2489,14.3886],[103.2386,14.3656],[103.2427,14.3375],[103.2664,14.3497],[103.333,14.3514],[103.3395,14.3602],[103.3674,14.3521],[103.402,14.3578],[103.3992,14.3696],[103.436,14.3909],[103.4511,14.3683],[103.4677,14.3647],[103.4828,14.3875],[103.4969,14.3899],[103.4982,14.4121],[103.5366,14.4258],[103.5782,14.4335],[103.6104,14.4253],[103.6214,14.4041],[103.6544,14.4133],[103.6568,14.4208],[103.6414,14.4255],[103.6539,14.4386],[103.6889,14.4404],[103.7082,14.4311],[103.7003,14.3919],[103.7058,14.3816],[103.7316,14.3857],[103.7521,14.3718],[103.7589,14.3778],[103.7747,14.3608],[103.8023,14.3697],[103.8029,14.3567],[103.8297,14.3532],[103.8422,14.3716],[103.8611,14.3666],[103.8817,14.338],[103.9004,14.3452],[103.9008,14.3373],[103.9422,14.3302],[103.9499,14.3504],[103.9795,14.3545],[103.9957,14.3454],[104.007,14.3568],[104.016,14.3422],[104.0462,14.3411],[104.063,14.4464],[104.0417,14.515],[104.0675,14.6156],[104.0661,14.6408],[104.0583,14.6636],[104.0067,14.7286],[104.0103,14.7778],[104.0,14.8039],[103.9322,14.8306],[103.915,14.8508],[103.9417,14.9186],[104.0203,15.0292],[104.0178,15.06],[103.9958,15.0897],[103.9952,15.1411],[103.9705,15.1592],[103.9764,15.2083],[103.9919,15.2353],[103.9766,15.2642],[103.9969,15.2697],[104.0325,15.3228],[104.0789,15.3514],[104.0633,15.3864],[104.0167,15.4094],[103.98,15.4044],[103.9714,15.4244],[103.9386,15.4183],[103.9372,15.4392],[103.9005,15.4389],[103.8861,15.4694],[103.88,15.4608],[103.8297,15.4586],[103.7753,15.435],[103.64,15.4489],[103.5997,15.4661],[103.5647,15.4597],[103.5294,15.4339],[103.4722,15.4469],[103.4048,15.4369]]]}},{"type":"Feature","properties":{"iso":"TH-30","name_en":"Nakhon Ratchasima Province","label_lon":101.9941,"label_lat":14.9456},"geometry":{"type":"Polygon","coordinates":[[[101.398,15.0403],[101.4505,14.9208],[101.4517,14.8661],[101.3458,14.8047],[101.3364,14.7722],[101.2847,14.7417],[101.2792,14.7289],[101.1993,14.7558],[101.1886,14.7489],[101.194,14.7315],[101.1865,14.7114],[101.2039,14.6832],[101.2043,14.6083],[101.2156,14.5893],[101.185,14.5436],[101.2428,14.4797],[101.2636,14.4728],[101.2642,14.495],[101.2775,14.5061],[101.2919,14.4928],[101.3111,14.4919],[101.3875,14.4289],[101.4092,14.4248],[101.4441,14.4247],[101.4455,14.4475],[101.4742,14.4614],[101.4908,14.4594],[101.5139,14.4358],[101.5414,14.4258],[101.6008,14.4383],[101.6322,14.4267],[101.6364,14.4131],[101.6547,14.4069],[101.7511,14.3133],[101.7636,14.3486],[101.8044,14.3633],[101.825,14.3547],[101.8697,14.3653],[101.8867,14.395],[101.928,14.3589],[101.9594,14.3811],[101.9822,14.3667],[101.9864,14.3525],[101.9472,14.2883],[101.9603,14.2561],[102.0792,14.1603],[102.145,14.1358],[102.1658,14.1372],[102.1711,14.1714],[102.1955,14.1881],[102.2211,14.1669],[102.2244,14.1422],[102.2772,14.1406],[102.2905,14.1267],[102.3028,14.1278],[102.32,14.1478],[102.36,14.1572],[102.3939,14.145],[102.4275,14.1572],[102.4603,14.1383],[102.4928,14.1439],[102.5089,14.0872],[102.5464,14.0903],[102.5542,14.0964],[102.535,14.1064],[102.5389,14.1208],[102.5675,14.1281],[102.5941,14.1486],[102.5831,14.2039],[102.6205,14.2794],[102.5919,14.3025],[102.595,14.3456],[102.5739,14.3708],[102.5822,14.4044],[102.5658,14.4467],[102.4983,14.5008],[102.4844,14.5722],[102.5114,14.6478],[102.4875,14.6931],[102.4817,14.7536],[102.4436,14.8075],[102.4369,14.8578],[102.4833,14.8333],[102.5036,14.8078],[102.5678,14.8142],[102.5783,14.8308],[102.5467,14.895],[102.5603,14.9372],[102.5205,14.9656],[102.5433,14.9667],[102.6247,14.9386],[102.7072,14.9525],[102.7608,14.9922],[102.7658,15.0233],[102.7864,15.0494],[102.7772,15.0719],[102.8533,15.1539],[102.9181,15.1822],[102.9419,15.1747],[102.9833,15.1889],[102.9728,15.3261],[103.0014,15.3572],[102.9589,15.3725],[102.9536,15.4017],[102.9694,15.4033],[102.9778,15.4237],[102.9936,15.4182],[103.0189,15.445],[103.0017,15.4703],[102.9578,15.4736],[102.9427,15.5044],[102.9222,15.5117],[102.8275,15.5114],[102.798,15.5469],[102.7828,15.6211],[102.789,15.6394],[102.7569,15.665],[102.7239,15.6667],[102.7017,15.7],[102.7005,15.7194],[102.6583,15.7075],[102.6178,15.7206],[102.5925,15.7031],[102.5711,15.7019],[102.5111,15.7178],[102.4255,15.6928],[102.3936,15.7258],[102.3705,15.7319],[102.3697,15.7639],[102.3347,15.8055],[102.3189,15.8081],[102.308,15.7947],[102.2647,15.7797],[102.2564,15.7558],[102.243,15.7481],[102.215,15.7574],[102.2003,15.7422],[102.1841,15.7494],[102.1667,15.7419],[102.1428,15.675],[102.1111,15.6317],[102.0817,15.62],[102.0728,15.6356],[102.0522,15.6364],[102.0345,15.6509],[102.0042,15.5928],[101.9556,15.5528],[101.9505,15.5347],[101.9628,15.4706],[101.9086,15.4411],[101.8783,15.3772],[101.845,15.3883],[101.813,15.3867],[101.7189,15.3372],[101.638,15.3106],[101.5655,15.2533],[101.4278,15.2153],[101.3975,15.2175],[101.365,15.2736],[101.3002,15.302],[101.3017,15.2817],[101.2786,15.2444],[101.2839,15.1506],[101.2747,15.0917],[101.3117,15.0869],[101.348,15.0656],[101.3786,15.0639],[101.398,15.0403]]]}},{"type":"Feature","properties":{"iso":"TH-64","name_en":"Sukhothai Province","label_lon":99.7131,"label_lat":17.2512},"geometry":{"type":"Polygon","coordinates":[[[99.316,17.2689],[99.313,17.1406],[99.3253,17.125],[99.278,17.0603],[99.285,17.0142],[99.2672,16.9589],[99.278,16.9289],[99.308,16.9206],[99.375,16.865],[99.5061,16.8858],[99.5425,16.8608],[99.5553,16.8147],[99.6866,16.7336],[99.855,16.7369],[99.9044,16.688],[99.9386,16.7019],[99.9408,16.7133],[99.9325,16.7242],[99.8869,16.7353],[99.8883,16.7544],[99.9317,16.7864],[99.9489,16.8625],[100.0214,16.8547],[100.0225,16.8822],[100.0325,16.8911],[100.1294,16.8939],[100.1202,16.9267],[100.1319,16.9514],[100.1278,16.9694],[99.9841,17.0625],[99.9508,17.1078],[99.9289,17.1192],[99.9144,17.1464],[99.9197,17.1647],[99.9828,17.1656],[99.9855,17.2153],[99.9686,17.2483],[99.9853,17.2781],[100.0075,17.2936],[100.0175,17.3211],[100.0161,17.3825],[99.998,17.4058],[100.0294,17.4211],[100.0375,17.4361],[100.0197,17.4739],[99.9658,17.5183],[99.9675,17.5328],[99.9508,17.5389],[99.9278,17.5714],[99.9697,17.6139],[99.9797,17.6647],[99.9694,17.705],[99.9211,17.7503],[99.928,17.7725],[99.9014,17.8025],[99.8075,17.7969],[99.7778,17.7792],[99.7433,17.725],[99.7264,17.7211],[99.6675,17.7933],[99.6205,17.8128],[99.5614,17.8103],[99.5214,17.7897],[99.4733,17.7289],[99.478,17.6747],[99.4497,17.6375],[99.4556,17.5997],[99.4283,17.6017],[99.42,17.5914],[99.4183,17.5644],[99.435,17.5525],[99.4397,17.5269],[99.4175,17.5072],[99.4097,17.4606],[99.4422,17.4281],[99.4297,17.4025],[99.4336,17.3892],[99.4719,17.3656],[99.4805,17.3422],[99.4772,17.3203],[99.4544,17.2906],[99.4575,17.2542],[99.4436,17.2281],[99.3892,17.2022],[99.373,17.2097],[99.3678,17.2308],[99.3394,17.2669],[99.316,17.2689]]]}},{"type":"Feature","properties":{"iso":"TH-76","name_en":"Phetchaburi Province","label_lon":99.6074,"label_lat":12.9436},"geometry":{"type":"Polygon","coordinates":[[[99.2042,13.2041],[99.1982,13.1935],[99.1821,13.1928],[99.1566,13.2084],[99.1234,13.1949],[99.1166,13.1748],[99.1337,13.1646],[99.1373,13.1502],[99.1301,13.1427],[99.1369,13.1327],[99.128,13.1156],[99.1311,13.0973],[99.1028,13.0836],[99.0995,13.0727],[99.1258,13.0382],[99.1456,13.0335],[99.1709,13.0151],[99.1801,12.9933],[99.1949,12.9906],[99.187,12.978],[99.1936,12.9525],[99.1623,12.9283],[99.1825,12.9112],[99.186,12.8502],[99.2221,12.8221],[99.2345,12.7804],[99.2279,12.7439],[99.2386,12.7266],[99.2476,12.7194],[99.2703,12.7285],[99.2895,12.715],[99.2897,12.6991],[99.3008,12.6903],[99.2946,12.6778],[99.3381,12.6623],[99.3449,12.641],[99.3652,12.6353],[99.3789,12.616],[99.4138,12.6146],[99.4445,12.5771],[99.4792,12.5875],[99.5219,12.5858],[99.5753,12.5722],[99.6003,12.5425],[99.625,12.5447],[99.6347,12.5583],[99.6789,12.5792],[99.7622,12.5814],[99.8208,12.6299],[99.8853,12.6231],[99.9558,12.6341],[99.9666,12.7395],[99.9911,12.8104],[100.0021,12.8124],[99.9922,12.8179],[100.0025,12.8142],[99.9945,12.8215],[100.0162,12.8624],[100.0292,12.9348],[100.0456,12.9761],[100.1061,13.0586],[100.083,13.0609],[100.0657,13.0846],[100.0669,13.1575],[100.0192,13.185],[99.9868,13.2343],[99.9441,13.265],[99.952,13.2898],[99.9289,13.2725],[99.9025,13.275],[99.8922,13.2367],[99.873,13.2453],[99.868,13.2625],[99.8553,13.2692],[99.8542,13.2944],[99.8658,13.3058],[99.8625,13.3297],[99.7491,13.3308],[99.7033,13.3119],[99.6719,13.2783],[99.665,13.2161],[99.6358,13.1989],[99.5747,13.1911],[99.5264,13.1992],[99.5044,13.1789],[99.4797,13.1908],[99.4556,13.1786],[99.3472,13.2297],[99.3228,13.2039],[99.3205,13.1658],[99.2703,13.1417],[99.2486,13.1839],[99.2042,13.2041]]]}},{"type":"Feature","properties":{"iso":"TH-36","name_en":"Chaiyaphum Province","label_lon":101.8796,"label_lat":15.9619},"geometry":{"type":"Polygon","coordinates":[[[102.3347,15.8055],[102.3314,15.8536],[102.3633,15.9031],[102.3778,15.9683],[102.3928,15.9911],[102.2969,16.0383],[102.2639,16.0697],[102.3278,16.1269],[102.4005,16.2325],[102.4503,16.3508],[102.4614,16.3967],[102.4194,16.4261],[102.4126,16.4605],[102.4029,16.4621],[102.399,16.4466],[102.3825,16.4452],[102.375,16.4348],[102.3654,16.4382],[102.3652,16.453],[102.3236,16.4453],[102.3171,16.4559],[102.3006,16.445],[102.2789,16.4605],[102.2557,16.4609],[102.2391,16.4829],[102.2038,16.5044],[102.1922,16.4987],[102.1824,16.5063],[102.1727,16.4916],[102.1585,16.5033],[102.0682,16.4936],[102.0728,16.5032],[102.0428,16.5084],[102.0315,16.5211],[102.0235,16.5585],[101.9904,16.5642],[101.9716,16.6164],[101.9561,16.6333],[101.9103,16.6344],[101.8486,16.6589],[101.8056,16.653],[101.7742,16.6287],[101.7791,16.6469],[101.7537,16.6522],[101.7504,16.668],[101.7244,16.6544],[101.6922,16.6839],[101.6286,16.6833],[101.5986,16.705],[101.5575,16.6714],[101.5219,16.6825],[101.5103,16.6756],[101.5058,16.6564],[101.5194,16.6331],[101.4961,16.6097],[101.495,16.5758],[101.5147,16.5492],[101.4688,16.5198],[101.4745,16.4773],[101.4474,16.4407],[101.4203,16.4243],[101.4186,16.4106],[101.4008,16.4013],[101.4084,16.3793],[101.3744,16.3481],[101.3633,16.2847],[101.345,16.2603],[101.3686,16.2375],[101.3417,16.1989],[101.3483,16.1822],[101.3253,16.0878],[101.3244,16.0333],[101.3406,15.9811],[101.3794,15.9675],[101.3864,15.9564],[101.3708,15.9244],[101.3708,15.8936],[101.3283,15.8564],[101.3194,15.7742],[101.3347,15.7392],[101.36,15.7178],[101.3922,15.7094],[101.3961,15.6869],[101.3647,15.5819],[101.3755,15.4747],[101.3719,15.4064],[101.3372,15.3383],[101.3002,15.302],[101.365,15.2736],[101.3975,15.2175],[101.4278,15.2153],[101.5655,15.2533],[101.638,15.3106],[101.7189,15.3372],[101.813,15.3867],[101.845,15.3883],[101.8783,15.3772],[101.9086,15.4411],[101.9628,15.4706],[101.9505,15.5347],[101.9556,15.5528],[102.0042,15.5928],[102.0345,15.6509],[102.0522,15.6364],[102.0728,15.6356],[102.0817,15.62],[102.1111,15.6317],[102.1428,15.675],[102.1667,15.7419],[102.1841,15.7494],[102.2003,15.7422],[102.215,15.7574],[102.243,15.7481],[102.2564,15.7558],[102.2672,15.7814],[102.308,15.7947],[102.3189,15.8081],[102.3347,15.8055]]]}},{"type":"Feature","properties":{"iso":"TH-67","name_en":"Phetchabun Province","label_lon":101.0183,"label_lat":16.2182},"geometry":{"type":"Polygon","coordinates":[[[100.7394,15.4975],[100.7633,15.4858],[100.88,15.4653],[100.9736,15.4831],[101.0208,15.4556],[101.0478,15.4267],[101.0872,15.4267],[101.1322,15.3919],[101.1964,15.4056],[101.2397,15.3975],[101.2522,15.3819],[101.2555,15.3361],[101.3002,15.302],[101.3372,15.3383],[101.3719,15.4064],[101.3755,15.4747],[101.3647,15.5819],[101.3961,15.6869],[101.3922,15.7094],[101.36,15.7178],[101.3347,15.7392],[101.3194,15.7742],[101.3283,15.8564],[101.3708,15.8936],[101.3708,15.9244],[101.3864,15.9564],[101.3794,15.9675],[101.3406,15.9811],[101.3244,16.0333],[101.3253,16.0878],[101.3483,16.1822],[101.3417,16.1989],[101.3686,16.2375],[101.345,16.2603],[101.3633,16.2847],[101.3744,16.3481],[101.4084,16.3793],[101.4008,16.4013],[101.4186,16.4106],[101.4203,16.4243],[101.4474,16.4407],[101.4745,16.4773],[101.4688,16.5198],[101.5147,16.5492],[101.495,16.5758],[101.4961,16.6097],[101.5194,16.6331],[101.5058,16.6564],[101.5103,16.6756],[101.5219,16.6825],[101.5575,16.6714],[101.5986,16.705],[101.6286,16.6833],[101.6922,16.6839],[101.7289,16.6542],[101.7717,16.6865],[101.7758,16.7128],[101.7964,16.7334],[101.7879,16.7641],[101.7248,16.7549],[101.6867,16.799],[101.7003,16.81],[101.7183,16.8098],[101.718,16.9136],[101.683,16.9578],[101.6489,17.0464],[101.6236,17.0392],[101.6025,17.0042],[101.5536,16.9933],[101.5419,17.0],[101.5319,17.055],[101.5123,17.0529],[101.4621,17.095],[101.4408,17.0729],[101.4036,17.0909],[101.3929,17.0788],[101.3728,17.0892],[101.3594,17.081],[101.345,17.0852],[101.3183,17.0631],[101.3069,17.0794],[101.2722,17.0814],[101.2219,17.1161],[101.1983,17.1128],[101.193,17.0822],[101.17,17.045],[101.1255,17.0311],[101.1317,16.9947],[101.1239,16.9367],[101.1064,16.9222],[101.1058,16.903],[101.0375,16.9072],[101.0036,16.8614],[100.9769,16.8511],[100.9686,16.8317],[100.9508,16.8253],[100.9367,16.7972],[100.9122,16.8011],[100.8933,16.7908],[100.8908,16.7706],[100.9066,16.7533],[100.9141,16.7069],[100.9275,16.6844],[100.9125,16.6667],[100.8733,16.6622],[100.8544,16.6433],[100.8369,16.5956],[100.8436,16.5453],[100.7953,16.4817],[100.795,16.4528],[100.773,16.4503],[100.743,16.4239],[100.695,16.4069],[100.698,16.3831],[100.6681,16.3471],[100.6977,16.2425],[100.6336,16.1472],[100.6383,16.0958],[100.6289,16.0478],[100.7069,16.03],[100.7711,15.9856],[100.7539,15.9069],[100.7619,15.8911],[100.7978,15.8714],[100.7891,15.8053],[100.8308,15.6872],[100.8172,15.6611],[100.8322,15.6475],[100.8308,15.6222],[100.8,15.5883],[100.7891,15.5433],[100.7447,15.5175],[100.7394,15.4975]]]}},{"type":"Feature","properties":{"iso":"TH-84","name_en":"Surat Thani Province","label_lon":99.1147,"label_lat":9.0514},"geometry":{"type":"MultiPolygon","coordinates":[[[[99.9558,9.3604],[99.9487,9.3782],[99.9506,9.3949],[99.9284,9.3588],[99.9558,9.3604]]],[[[99.6688,9.3791],[99.6768,9.3907],[99.672,9.4055],[99.662,9.3849],[99.6688,9.3791]]],[[[99.9728,9.7883],[99.9609,9.7575],[99.9752,9.7476],[99.9814,9.7132],[100.0392,9.6931],[100.0766,9.6663],[100.0682,9.6769],[100.0814,9.6967],[100.0749,9.7142],[100.0808,9.7388],[100.0728,9.7664],[100.0567,9.7726],[100.0624,9.7862],[100.0353,9.7923],[100.026,9.8041],[100.0055,9.7867],[99.9914,9.8032],[99.9728,9.7883]]],[[[99.8288,10.058],[99.8561,10.088],[99.8497,10.112],[99.8433,10.1246],[99.8236,10.1269],[99.8272,10.0927],[99.8153,10.068],[99.8288,10.058]]],[[[98.5108,9.3063],[98.5308,9.2964],[98.535,9.2478],[98.5022,9.1847],[98.5103,9.1533],[98.4917,9.1444],[98.4878,9.1228],[98.498,9.0794],[98.4811,9.0636],[98.4941,9.0186],[98.5167,8.9858],[98.4569,8.9547],[98.4533,8.935],[98.4653,8.9158],[98.4544,8.8903],[98.5047,8.8756],[98.5172,8.8564],[98.5433,8.8456],[98.5728,8.7972],[98.6075,8.7914],[98.6014,8.7078],[98.5705,8.6703],[98.5511,8.6675],[98.545,8.6556],[98.5911,8.6231],[98.6147,8.62],[98.66,8.6475],[98.6719,8.6364],[98.7244,8.6253],[98.75,8.6694],[98.7703,8.6736],[98.8,8.6439],[98.8519,8.6422],[98.8711,8.6164],[98.8958,8.6083],[98.9294,8.5608],[98.8836,8.515],[98.9083,8.4717],[98.89,8.4131],[98.8986,8.3494],[98.9172,8.3089],[98.9427,8.3247],[98.9811,8.3247],[98.9983,8.3144],[99.0308,8.3219],[99.0667,8.355],[99.1203,8.3503],[99.14,8.3331],[99.1825,8.3214],[99.1955,8.3278],[99.2155,8.3219],[99.2658,8.3414],[99.2444,8.3672],[99.2397,8.39],[99.2564,8.4344],[99.2878,8.4722],[99.2805,8.5417],[99.3289,8.5194],[99.408,8.5631],[99.4494,8.5994],[99.4483,8.6394],[99.4669,8.6431],[99.4897,8.6658],[99.4922,8.6967],[99.5205,8.7228],[99.5286,8.7561],[99.5272,8.8461],[99.5553,8.8492],[99.5603,8.8781],[99.5867,8.9153],[99.608,8.9211],[99.6239,8.9053],[99.6939,8.9297],[99.6983,8.9433],[99.6889,8.9611],[99.7303,8.9739],[99.7455,9.055],[99.7767,9.0478],[99.7869,9.0603],[99.785,9.0767],[99.7717,9.0831],[99.7717,9.1108],[99.7289,9.1503],[99.7556,9.2186],[99.7491,9.2789],[99.7691,9.3003],[99.7684,9.3224],[99.7532,9.3169],[99.7451,9.3297],[99.7239,9.3126],[99.6815,9.3382],[99.6872,9.31],[99.6463,9.304],[99.6102,9.2677],[99.5801,9.2688],[99.534,9.2866],[99.5081,9.2589],[99.4991,9.221],[99.4662,9.1984],[99.4138,9.2059],[99.3777,9.1884],[99.3757,9.1998],[99.3616,9.2013],[99.3631,9.2159],[99.3408,9.2116],[99.3448,9.2211],[99.337,9.2265],[99.3153,9.2227],[99.3243,9.2349],[99.3201,9.2463],[99.2635,9.2167],[99.2574,9.2345],[99.2512,9.2274],[99.2422,9.2328],[99.2238,9.2569],[99.2193,9.3387],[99.2624,9.3608],[99.2928,9.4027],[99.3112,9.3837],[99.3136,9.3913],[99.2438,9.481],[99.2087,9.5749],[99.2099,9.6018],[99.162,9.6796],[99.1402,9.7952],[99.115,9.7811],[99.0997,9.7878],[99.0842,9.7708],[99.0508,9.76],[99.0303,9.73],[98.9966,9.7347],[98.9803,9.7236],[98.935,9.7208],[98.9025,9.7306],[98.8047,9.6819],[98.7819,9.6858],[98.775,9.6347],[98.7486,9.5928],[98.7547,9.5767],[98.7681,9.5711],[98.7753,9.5381],[98.75,9.5272],[98.7033,9.4689],[98.6755,9.4608],[98.675,9.45],[98.6864,9.4428],[98.6794,9.4189],[98.6555,9.4258],[98.6566,9.3839],[98.6775,9.3836],[98.6733,9.3572],[98.6644,9.3478],[98.6414,9.3514],[98.6233,9.3422],[98.6047,9.3461],[98.5914,9.3644],[98.5517,9.3539],[98.5217,9.3283],[98.5108,9.3063]]],[[[99.6703,9.4732],[99.681,9.4629],[99.6814,9.4692],[99.6703,9.4732]]],[[[99.7007,9.5132],[99.7078,9.5465],[99.6893,9.5529],[99.6671,9.5358],[99.6619,9.514],[99.6807,9.507],[99.7007,9.5132]]],[[[99.6839,9.6163],[99.6672,9.6428],[99.6616,9.6378],[99.6749,9.6067],[99.6839,9.6163]]],[[[99.9346,9.5011],[99.9188,9.4915],[99.9347,9.4556],[99.9373,9.4292],[99.929,9.4278],[99.9293,9.4171],[99.9511,9.422],[99.9654,9.4087],[99.987,9.4221],[100.0129,9.4207],[100.0491,9.4678],[100.0738,9.4709],[100.0566,9.5128],[100.0903,9.5702],[100.0688,9.5938],[100.0617,9.5646],[100.0508,9.5573],[100.0245,9.5629],[100.0171,9.575],[99.9976,9.5712],[99.983,9.5874],[99.9185,9.5769],[99.9121,9.5699],[99.9295,9.5537],[99.9346,9.5011]]]]}},{"type":"Feature","properties":{"iso":"TH-33","name_en":"Si Sa Ket Province","label_lon":104.3347,"label_lat":14.9424},"geometry":{"type":"Polygon","coordinates":[[[103.9828,15.4034],[104.0167,15.4094],[104.045,15.4008],[104.0797,15.3578],[104.0728,15.3431],[104.0325,15.3228],[103.9969,15.2697],[103.9766,15.2642],[103.9919,15.2353],[103.9764,15.2083],[103.9705,15.1592],[103.9952,15.1411],[103.9958,15.0897],[104.0178,15.06],[104.0203,15.0292],[103.9417,14.9186],[103.915,14.8508],[103.9322,14.8306],[104.0,14.8039],[104.0103,14.7778],[104.0067,14.7286],[104.0583,14.6636],[104.0661,14.6408],[104.0675,14.6156],[104.0417,14.515],[104.063,14.4464],[104.0462,14.3411],[104.0845,14.348],[104.1081,14.3784],[104.1369,14.3736],[104.137,14.3577],[104.1454,14.3546],[104.1716,14.3589],[104.1709,14.3763],[104.1868,14.3848],[104.2116,14.368],[104.232,14.3713],[104.2754,14.4085],[104.33,14.3707],[104.3551,14.3692],[104.3762,14.3836],[104.4044,14.3662],[104.4148,14.3719],[104.4373,14.3578],[104.4611,14.3602],[104.4632,14.3452],[104.499,14.3762],[104.5352,14.3556],[104.5789,14.3582],[104.5794,14.3753],[104.6409,14.4232],[104.6528,14.4212],[104.6593,14.4006],[104.6851,14.3984],[104.6987,14.4273],[104.7124,14.4342],[104.7237,14.4216],[104.7237,14.4033],[104.7389,14.4145],[104.7548,14.4049],[104.7669,14.4235],[104.8058,14.4374],[104.8194,14.418],[104.8339,14.4158],[104.8379,14.3979],[104.8717,14.4182],[104.9073,14.3994],[104.9164,14.4108],[104.895,14.4403],[104.8547,14.4406],[104.8736,14.4933],[104.8608,14.5219],[104.8311,14.5522],[104.8603,14.6503],[104.8869,14.6614],[104.9175,14.6486],[104.8958,14.6997],[104.8661,14.7169],[104.8158,14.8122],[104.8178,14.8358],[104.8331,14.8483],[104.8136,14.8919],[104.7661,14.9206],[104.7242,14.9275],[104.6977,14.9572],[104.6891,15.0278],[104.6983,15.0611],[104.6879,15.1373],[104.7092,15.1336],[104.7383,15.1578],[104.7375,15.1683],[104.7078,15.1694],[104.7044,15.1783],[104.7158,15.1886],[104.6886,15.2139],[104.6944,15.2356],[104.6836,15.2356],[104.6681,15.2569],[104.6628,15.2356],[104.6478,15.2508],[104.6011,15.2556],[104.5775,15.2378],[104.5519,15.2506],[104.5328,15.2464],[104.5019,15.2592],[104.4678,15.2592],[104.3972,15.2931],[104.388,15.3206],[104.3744,15.3158],[104.3528,15.3367],[104.2944,15.3422],[104.2475,15.3708],[104.2047,15.4469],[104.1489,15.5033],[104.1494,15.5253],[104.1293,15.5645],[104.1069,15.5533],[104.0997,15.5369],[104.0817,15.5372],[104.0497,15.4847],[103.993,15.4297],[103.9828,15.4034]]]}},{"type":"Feature","properties":{"iso":"TH-43","name_en":"Nong Khai Province","label_lon":103.1109,"label_lat":17.9444},"geometry":{"type":"Polygon","coordinates":[[[102.0583,18.0882],[102.0886,18.0586],[102.1175,18.06],[102.128,18.0344],[102.1478,18.0339],[102.1408,18.0125],[102.1531,17.9919],[102.2042,18.0219],[102.2139,18.0078],[102.2414,18.0014],[102.3272,17.9497],[102.3383,17.9286],[102.3922,17.8919],[102.4091,17.8411],[102.4447,17.8147],[102.4389,17.7903],[102.4628,17.7586],[102.5353,17.7553],[102.6105,17.69],[102.6053,17.6175],[102.6503,17.6117],[102.6672,17.5908],[102.7089,17.61],[102.7436,17.6011],[102.7769,17.6192],[102.7878,17.6617],[102.8455,17.6925],[102.8633,17.7264],[102.8655,17.7697],[102.8483,17.8069],[102.8858,17.8583],[102.8808,17.8794],[102.89,17.8897],[102.9436,17.8844],[102.9847,17.82],[103.0119,17.84],[103.03,17.8689],[103.0533,17.8733],[103.0577,17.8892],[103.1719,17.7997],[103.2019,17.8539],[103.2639,17.8814],[103.2958,17.8389],[103.3155,17.83],[103.3444,17.8528],[103.3764,17.8578],[103.4094,17.8767],[103.3883,17.925],[103.4044,17.9339],[103.3975,17.9475],[103.3808,17.9519],[103.3744,17.9697],[103.3997,17.9861],[103.2587,18.2622],[103.2953,18.2744],[103.2982,18.304],[103.1661,18.2545],[103.1512,18.2295],[103.1489,18.1735],[103.08,18.1232],[103.0721,18.0744],[103.0786,18.0337],[103.0358,17.977],[103.0188,17.9713],[102.959,18.0049],[102.8551,17.9708],[102.819,17.9414],[102.7847,17.9334],[102.7583,17.8937],[102.6884,17.87],[102.677,17.8443],[102.6981,17.8188],[102.6825,17.8033],[102.6668,17.8055],[102.6378,17.8313],[102.5894,17.8426],[102.6134,17.9103],[102.6139,17.9381],[102.6034,17.9553],[102.5545,17.9691],[102.5323,17.9632],[102.46,17.971],[102.4182,17.9909],[102.3465,18.0446],[102.295,18.0551],[102.1855,18.1479],[102.1633,18.2044],[102.1341,18.2161],[102.1052,18.2137],[102.1066,18.1725],[102.0736,18.1489],[102.0583,18.0882]]]}},{"type":"Feature","properties":{"iso":"TH-10","name_en":"Bangkok","label_lon":100.6098,"label_lat":13.7538},"geometry":{"type":"Polygon","coordinates":[[[100.9141,13.9462],[100.7926,13.9316],[100.7527,13.9185],[100.6868,13.9163],[100.6898,13.931],[100.6409,13.9314],[100.6128,13.9552],[100.6044,13.9535],[100.6057,13.9441],[100.574,13.9546],[100.5437,13.8497],[100.5093,13.8255],[100.5063,13.8165],[100.5148,13.8134],[100.5011,13.801],[100.4663,13.7892],[100.4697,13.7947],[100.4589,13.7983],[100.3279,13.8042],[100.3394,13.655],[100.3755,13.6188],[100.3947,13.5572],[100.4133,13.5607],[100.4203,13.5454],[100.417,13.5354],[100.4064,13.5354],[100.409,13.4934],[100.4534,13.5041],[100.4448,13.5559],[100.4539,13.606],[100.4641,13.6057],[100.4697,13.5927],[100.4769,13.603],[100.4946,13.5876],[100.521,13.6051],[100.5142,13.6286],[100.5204,13.6756],[100.548,13.6728],[100.5561,13.7061],[100.5861,13.6942],[100.5795,13.6693],[100.6358,13.6487],[100.65,13.6524],[100.6554,13.6723],[100.6982,13.6559],[100.7163,13.7184],[100.788,13.7167],[100.8593,13.6898],[100.8552,13.6994],[100.9099,13.7905],[100.9384,13.8144],[100.9022,13.8488],[100.9141,13.9462]]]}},{"type":"Feature","properties":{"iso":"TH-40","name_en":"Khon Kaen Province","label_lon":102.676,"label_lat":16.3324},"geometry":{"type":"Polygon","coordinates":[[[102.099,16.8833],[102.0635,16.8875],[102.0602,16.8712],[102.04,16.8584],[102.0103,16.8705],[101.9942,16.8401],[101.9439,16.853],[101.9493,16.8404],[101.8814,16.8092],[101.865,16.7922],[101.7879,16.7641],[101.7964,16.7334],[101.7758,16.7128],[101.7717,16.6865],[101.7499,16.6756],[101.75,16.6561],[101.7791,16.6469],[101.7742,16.6287],[101.8056,16.653],[101.8486,16.6589],[101.9103,16.6344],[101.9561,16.6333],[101.9716,16.6164],[101.9904,16.5642],[102.0235,16.5585],[102.0315,16.5211],[102.0428,16.5084],[102.0728,16.5032],[102.0682,16.4936],[102.1585,16.5033],[102.1727,16.4916],[102.1824,16.5063],[102.1922,16.4987],[102.2038,16.5044],[102.2391,16.4829],[102.2557,16.4609],[102.2789,16.4605],[102.3006,16.445],[102.3171,16.4559],[102.3236,16.4453],[102.3652,16.453],[102.3654,16.4382],[102.375,16.4348],[102.3825,16.4452],[102.399,16.4466],[102.4029,16.4621],[102.4126,16.4605],[102.4194,16.4261],[102.4614,16.3967],[102.4503,16.3508],[102.4005,16.2325],[102.3278,16.1269],[102.2636,16.0656],[102.2969,16.0383],[102.3928,15.9911],[102.3778,15.9683],[102.3633,15.9031],[102.3314,15.8536],[102.3347,15.8055],[102.3697,15.7639],[102.3705,15.7319],[102.3936,15.7258],[102.4255,15.6928],[102.5111,15.7178],[102.5711,15.7019],[102.5925,15.7031],[102.6178,15.7206],[102.6583,15.7075],[102.7005,15.7194],[102.7017,15.7],[102.7239,15.6667],[102.7569,15.665],[102.8064,15.6239],[102.8339,15.6225],[102.8675,15.6356],[102.8894,15.6703],[102.8955,15.7631],[102.9089,15.7778],[102.9464,15.7892],[102.9358,15.8197],[102.9405,15.8581],[102.9053,15.9286],[102.9144,15.9906],[102.8986,16.0122],[102.8989,16.0278],[102.8622,16.0519],[102.8575,16.08],[102.8716,16.1217],[102.8514,16.2067],[102.8511,16.2722],[102.8991,16.3139],[102.9405,16.3883],[102.9564,16.3972],[102.9583,16.4203],[102.9357,16.4436],[103.0117,16.4644],[103.0453,16.4964],[103.0811,16.5044],[103.1275,16.5564],[103.1336,16.5894],[103.1647,16.615],[103.1697,16.6756],[103.1594,16.7064],[103.1689,16.7333],[103.1608,16.7525],[103.1891,16.7858],[103.1947,16.8308],[103.1858,16.8583],[103.1564,16.8625],[103.1511,16.8375],[103.1308,16.825],[103.1214,16.8294],[103.118,16.8489],[103.1342,16.8922],[103.113,16.9126],[102.9636,16.8414],[102.9344,16.8433],[102.9117,16.8672],[102.8778,16.8817],[102.8361,16.8697],[102.8303,16.9397],[102.8208,16.9578],[102.8336,16.9756],[102.7642,17.0289],[102.7322,17.0403],[102.7203,17.0764],[102.6925,17.0383],[102.6853,16.9642],[102.6317,16.8436],[102.6098,16.7691],[102.5617,16.7597],[102.5217,16.7903],[102.4711,16.7986],[102.4211,16.7892],[102.3836,16.8164],[102.3614,16.8168],[102.3504,16.8309],[102.3437,16.8178],[102.3403,16.8361],[102.3235,16.8464],[102.3306,16.855],[102.3167,16.855],[102.3248,16.8668],[102.3118,16.8674],[102.3024,16.877],[102.3068,16.8843],[102.2915,16.884],[102.2952,16.8919],[102.2543,16.8948],[102.2492,16.8784],[102.2353,16.8806],[102.2138,16.8603],[102.1883,16.8575],[102.1801,16.872],[102.1717,16.8648],[102.1563,16.8811],[102.1244,16.8806],[102.1047,16.8974],[102.099,16.8833]]]}},{"type":"Feature","properties":{"iso":"TH-42","name_en":"Loei Province","label_lon":101.6474,"label_lat":17.4882},"geometry":{"type":"Polygon","coordinates":[[[102.0808,17.6433],[102.0819,17.6744],[102.0705,17.6914],[102.0542,17.6583],[102.0375,17.6653],[102.0228,17.7403],[102.0339,17.7767],[102.048,17.7858],[102.0414,17.8025],[102.0536,17.8597],[102.0372,17.8894],[102.0219,17.9819],[102.0394,17.9875],[102.0389,18.015],[102.055,18.0464],[102.0736,18.1489],[102.1066,18.1725],[102.1052,18.2137],[102.0883,18.2203],[102.045,18.1984],[102.027,18.1508],[101.9585,18.1012],[101.9069,18.0309],[101.8746,18.0285],[101.824,18.0604],[101.7808,18.0673],[101.757,18.0361],[101.7238,17.9115],[101.7106,17.9021],[101.6956,17.9128],[101.6167,17.8936],[101.5932,17.8492],[101.5748,17.8696],[101.5515,17.821],[101.5746,17.7848],[101.5523,17.789],[101.5386,17.7752],[101.5217,17.7765],[101.4978,17.7556],[101.5028,17.7455],[101.4908,17.7241],[101.4908,17.7465],[101.4754,17.7487],[101.4821,17.7606],[101.4632,17.7539],[101.4676,17.7478],[101.4563,17.747],[101.4472,17.7288],[101.4039,17.7356],[101.4022,17.7235],[101.4312,17.7176],[101.4063,17.7007],[101.4097,17.6892],[101.402,17.6821],[101.3821,17.6978],[101.379,17.6826],[101.3614,17.681],[101.3458,17.6592],[101.3065,17.6507],[101.3117,17.6372],[101.2593,17.5976],[101.2295,17.5364],[101.1751,17.5244],[101.1833,17.4984],[101.1635,17.4916],[101.1608,17.4672],[101.1497,17.4668],[101.1457,17.4786],[101.1311,17.4731],[101.1354,17.4835],[101.1099,17.4799],[101.1071,17.492],[101.0938,17.4961],[101.1032,17.5093],[101.0801,17.5025],[101.0618,17.5121],[101.0614,17.5271],[101.0473,17.5295],[101.0459,17.5452],[101.0402,17.5411],[101.0244,17.5574],[101.0033,17.5565],[100.963,17.5753],[100.927,17.5699],[100.9294,17.5381],[100.905,17.5206],[100.9042,17.4917],[100.8817,17.4669],[100.9103,17.4119],[100.9036,17.3292],[100.9911,17.3256],[100.9969,17.3056],[101.0205,17.2986],[101.0341,17.2753],[101.0714,17.265],[101.0953,17.22],[101.0641,17.1528],[101.0658,17.1045],[101.0509,17.0775],[101.0583,17.0295],[101.0304,17.0075],[101.0514,16.956],[101.027,16.9378],[101.071,16.9242],[101.0669,16.8998],[101.1058,16.903],[101.1064,16.9222],[101.1239,16.9367],[101.1317,16.9947],[101.1255,17.0311],[101.17,17.045],[101.193,17.0822],[101.1925,17.1092],[101.2128,17.1169],[101.2722,17.0814],[101.3069,17.0794],[101.3183,17.0631],[101.345,17.0852],[101.3594,17.081],[101.3728,17.0892],[101.3929,17.0788],[101.4036,17.0909],[101.4408,17.0729],[101.4621,17.095],[101.5123,17.0529],[101.5319,17.055],[101.5419,17.0],[101.5536,16.9933],[101.6025,17.0042],[101.6236,17.0392],[101.6489,17.0464],[101.683,16.9578],[101.718,16.9136],[101.7183,16.8098],[101.7003,16.81],[101.6867,16.799],[101.7248,16.7549],[101.7752,16.759],[101.865,16.7922],[101.8814,16.8092],[101.9493,16.8404],[101.9439,16.853],[101.9942,16.8401],[102.0103,16.8705],[102.04,16.8584],[102.0446,16.8679],[102.0565,16.8678],[102.0708,16.8889],[102.0333,16.9558],[102.0833,16.9758],[102.1092,17.0006],[102.1539,17.0217],[102.1103,17.0572],[102.11,17.0753],[102.0886,17.1053],[101.9775,17.1464],[101.9533,17.1736],[101.945,17.2061],[101.9814,17.2447],[101.9844,17.2811],[102.0255,17.3242],[102.0217,17.3669],[101.9844,17.4175],[101.9886,17.4514],[102.0789,17.4519],[102.13,17.4847],[102.1439,17.5114],[102.1219,17.5825],[102.0808,17.6433]]]}},{"type":"Feature","properties":{"iso":"TH-19","name_en":"Saraburi Province","label_lon":100.8969,"label_lat":14.6458},"geometry":{"type":"Polygon","coordinates":[[[101.4098,15.0],[101.0925,14.8517],[101.0244,14.8392],[100.9839,14.8147],[100.9855,14.7831],[100.9508,14.7475],[100.92,14.7442],[100.9022,14.7689],[100.8188,14.8052],[100.8062,14.7951],[100.7748,14.7947],[100.7468,14.8076],[100.724,14.7582],[100.6614,14.7283],[100.6386,14.7047],[100.6125,14.6986],[100.5714,14.6033],[100.5983,14.5536],[100.6242,14.5461],[100.7066,14.57],[100.7686,14.5653],[100.7689,14.5258],[100.7486,14.5136],[100.7678,14.4869],[100.7617,14.4103],[100.7917,14.3844],[100.7778,14.3242],[100.8208,14.315],[100.8231,14.2434],[100.8916,14.276],[100.8916,14.2436],[100.9517,14.2719],[100.9483,14.2986],[100.9705,14.3017],[100.9878,14.2856],[101.0294,14.3136],[101.0433,14.3281],[101.0378,14.3514],[101.0605,14.3706],[101.0566,14.4108],[101.0808,14.3844],[101.1311,14.3781],[101.1608,14.3469],[101.1841,14.3533],[101.2086,14.375],[101.2039,14.3933],[101.2142,14.4297],[101.2283,14.4311],[101.2369,14.4542],[101.2294,14.4681],[101.2461,14.4756],[101.185,14.5436],[101.2156,14.5893],[101.2043,14.6083],[101.2039,14.6832],[101.1865,14.7114],[101.194,14.7315],[101.1886,14.7489],[101.1993,14.7558],[101.2792,14.7289],[101.2847,14.7417],[101.3364,14.7722],[101.3458,14.8047],[101.4517,14.8661],[101.4505,14.9208],[101.4098,15.0]]]}},{"type":"Feature","properties":{"iso":"TH-61","name_en":"Uthai Thani Province","label_lon":99.5493,"label_lat":15.3581},"geometry":{"type":"Polygon","coordinates":[[[99.133,15.7828],[99.1285,15.7626],[99.1373,15.7276],[99.1151,15.6703],[99.1161,15.628],[99.0952,15.6048],[99.0878,15.5759],[99.0489,15.5537],[99.056,15.5178],[99.0785,15.4934],[99.0565,15.4419],[99.0687,15.3979],[99.0452,15.3729],[99.0298,15.3065],[99.0387,15.287],[99.0169,15.2657],[99.0199,15.2485],[99.0064,15.2349],[99.002,15.1851],[98.9853,15.1808],[99.0047,15.1414],[98.999,15.0981],[99.0111,15.0801],[99.002,15.0709],[99.0279,15.0495],[99.0758,15.0352],[99.1414,15.0478],[99.1358,15.0322],[99.1578,15.0135],[99.182,15.0125],[99.1934,15.0213],[99.2348,15.0064],[99.2575,14.9839],[99.2865,14.9924],[99.3136,15.0229],[99.3005,15.036],[99.3238,15.0758],[99.3517,15.0489],[99.4053,15.0369],[99.4253,14.9919],[99.5103,14.9839],[99.5797,14.9494],[99.6318,14.9379],[99.6267,14.9846],[99.6408,14.9925],[99.6569,14.9931],[99.7258,14.9611],[99.7322,14.9742],[99.7208,14.9908],[99.7308,15.0081],[99.7914,15.045],[99.7947,15.0667],[99.8122,15.0817],[99.7697,15.1367],[99.7347,15.2033],[99.7319,15.2381],[99.7161,15.2739],[99.7294,15.2972],[99.76,15.3181],[99.8625,15.3017],[99.8878,15.2842],[99.9333,15.2942],[100.0,15.2936],[100.0408,15.2819],[100.0494,15.2636],[100.0675,15.265],[100.0542,15.2806],[100.0723,15.3153],[100.0703,15.3433],[100.0272,15.3908],[100.0369,15.4014],[100.0583,15.4008],[100.0455,15.4511],[100.0039,15.4742],[99.9722,15.5089],[99.953,15.5147],[99.9333,15.5058],[99.9108,15.515],[99.8703,15.565],[99.8583,15.6358],[99.8086,15.625],[99.7703,15.64],[99.738,15.6775],[99.6953,15.6789],[99.6591,15.6636],[99.6239,15.6333],[99.5855,15.6203],[99.5566,15.5839],[99.522,15.5638],[99.4789,15.5656],[99.4284,15.6105],[99.3843,15.6208],[99.3549,15.6808],[99.291,15.6959],[99.2768,15.7173],[99.2473,15.7224],[99.2171,15.7664],[99.2031,15.7658],[99.1841,15.7823],[99.152,15.7758],[99.133,15.7828]]]}},{"type":"Feature","properties":{"iso":"TH-86","name_en":"Chumphon Province","label_lon":99.0405,"label_lat":10.3153},"geometry":{"type":"MultiPolygon","coordinates":[[[[99.1402,9.7952],[99.1387,9.8249],[99.1659,9.8593],[99.1568,9.9041],[99.1603,9.9462],[99.1713,9.9513],[99.1591,9.9469],[99.1726,9.9528],[99.1607,9.9482],[99.151,9.993],[99.1615,10.0119],[99.1761,10.0073],[99.1733,10.0275],[99.1824,10.0366],[99.1539,10.0658],[99.1491,10.1279],[99.1707,10.1521],[99.196,10.2164],[99.2279,10.215],[99.2473,10.2354],[99.2208,10.2271],[99.2032,10.2513],[99.2053,10.274],[99.1918,10.2655],[99.1889,10.2758],[99.1629,10.2796],[99.1684,10.2854],[99.1529,10.2994],[99.1543,10.3312],[99.1463,10.3439],[99.1613,10.3561],[99.1567,10.3674],[99.1689,10.3626],[99.2004,10.3736],[99.2185,10.3713],[99.2152,10.3655],[99.2389,10.3438],[99.2539,10.3629],[99.2723,10.3529],[99.2839,10.3626],[99.2774,10.4266],[99.2602,10.4311],[99.2524,10.4521],[99.2468,10.4447],[99.2511,10.4535],[99.2407,10.4486],[99.2288,10.4723],[99.2324,10.4961],[99.2588,10.4998],[99.2675,10.5154],[99.249,10.5047],[99.2381,10.5335],[99.2438,10.5421],[99.274,10.5429],[99.2815,10.6022],[99.3192,10.6692],[99.3412,10.6831],[99.359,10.6755],[99.3583,10.6644],[99.3658,10.6704],[99.3591,10.6895],[99.4135,10.7619],[99.4411,10.8714],[99.4665,10.8712],[99.4837,10.8875],[99.4813,10.8817],[99.4953,10.8793],[99.4969,10.8614],[99.5095,10.8725],[99.52,10.8985],[99.4961,10.9259],[99.4904,10.9668],[99.4991,10.9894],[99.4911,10.9961],[99.4758,10.9972],[99.4042,10.9536],[99.3719,10.9639],[99.335,10.9556],[99.3191,10.967],[99.2711,10.9561],[99.2353,10.9628],[99.2255,10.975],[99.1614,11.0],[99.1362,11.0313],[99.1045,11.0139],[99.0938,10.9729],[99.0793,10.955],[99.0567,10.9473],[99.0497,10.9621],[99.0239,10.9707],[99.0185,10.9648],[98.9977,10.9112],[99.0115,10.8567],[98.9588,10.812],[98.9365,10.8129],[98.9228,10.8257],[98.8964,10.7786],[98.9069,10.7578],[98.9269,10.7456],[98.9044,10.6836],[98.918,10.6878],[98.9228,10.6747],[98.9408,10.6697],[98.945,10.6483],[98.9633,10.6339],[98.9592,10.6125],[98.9783,10.6017],[98.953,10.5625],[98.9694,10.5369],[98.9122,10.4844],[98.9025,10.4617],[98.9058,10.4131],[98.9155,10.3972],[98.9464,10.3817],[98.9519,10.3375],[98.9,10.2904],[98.9005,10.2445],[98.8731,10.1887],[98.8889,10.1607],[98.8703,10.1515],[98.8598,10.1271],[98.8642,10.0959],[98.8396,10.0679],[98.846,10.0607],[98.8931,10.0639],[98.9066,10.032],[98.8696,9.9934],[98.8427,9.9915],[98.8133,9.9363],[98.7814,9.9503],[98.7545,9.9316],[98.7514,9.9182],[98.7206,9.8932],[98.7206,9.8667],[98.6336,9.7876],[98.6288,9.7572],[98.6625,9.6553],[98.7297,9.6278],[98.7497,9.6011],[98.775,9.6347],[98.7819,9.6858],[98.8047,9.6819],[98.9025,9.7306],[98.935,9.7208],[98.9803,9.7236],[98.9966,9.7347],[99.0303,9.73],[99.0508,9.76],[99.0842,9.7708],[99.0997,9.7878],[99.115,9.7811],[99.1402,9.7952]]],[[[99.2883,10.4404],[99.303,10.4395],[99.2983,10.4525],[99.2883,10.4404]]],[[[99.49,10.8521],[99.4836,10.8571],[99.4704,10.8362],[99.49,10.8521]]]]}},{"type":"Feature","properties":{"iso":"TH-46","name_en":"Kalasin","label_lon":103.6708,"label_lat":16.6464},"geometry":{"type":"Polygon","coordinates":[[[104.244,16.4329],[104.2405,16.5214],[104.1861,16.6047],[104.1778,16.6494],[104.1869,16.6689],[104.1697,16.68],[104.1708,16.6975],[104.1572,16.7025],[104.1333,16.7564],[104.0755,16.8197],[104.0697,16.8383],[104.0375,16.8456],[104.0241,16.8583],[103.9822,16.83],[103.9753,16.8139],[103.9597,16.8178],[103.9533,16.7803],[103.943,16.7761],[103.9066,16.8103],[103.845,16.8433],[103.8292,16.8733],[103.7944,16.8914],[103.7817,16.915],[103.7869,16.9478],[103.7783,16.9669],[103.7536,16.9753],[103.6941,17.0244],[103.6608,17.0161],[103.6441,17.0236],[103.6497,17.0474],[103.6094,17.0933],[103.5767,17.1011],[103.5472,17.0906],[103.5061,17.045],[103.5094,16.9955],[103.4844,16.9592],[103.4825,16.903],[103.4494,16.8622],[103.4341,16.8247],[103.4244,16.8794],[103.3689,16.9181],[103.3103,16.9264],[103.2814,16.9494],[103.2314,16.9628],[103.2111,16.9511],[103.1436,16.9583],[103.1255,16.9431],[103.113,16.9126],[103.1342,16.8922],[103.118,16.8489],[103.1214,16.8294],[103.1441,16.8314],[103.1636,16.8642],[103.1858,16.8583],[103.1947,16.8308],[103.1891,16.7858],[103.1608,16.7525],[103.1689,16.7333],[103.1594,16.7064],[103.1697,16.6756],[103.1625,16.6434],[103.2028,16.6308],[103.1805,16.6017],[103.1955,16.5497],[103.1753,16.4858],[103.1977,16.4392],[103.1775,16.3989],[103.1841,16.3667],[103.2061,16.3606],[103.2764,16.3778],[103.3008,16.4056],[103.3108,16.3672],[103.3464,16.3603],[103.3708,16.3081],[103.3925,16.2875],[103.4197,16.2814],[103.4271,16.2314],[103.4414,16.2242],[103.4536,16.1867],[103.4758,16.2053],[103.5208,16.2011],[103.5372,16.2214],[103.5591,16.2167],[103.5617,16.203],[103.6005,16.1964],[103.6136,16.2042],[103.6016,16.2161],[103.6147,16.2175],[103.6422,16.1911],[103.6714,16.1986],[103.6653,16.2225],[103.6908,16.2142],[103.6991,16.2264],[103.724,16.2192],[103.7353,16.2506],[103.7536,16.2651],[103.7514,16.3039],[103.7253,16.3289],[103.7208,16.3542],[103.7019,16.3817],[103.8219,16.4664],[103.8722,16.4686],[103.9214,16.4436],[103.9792,16.4358],[104.0008,16.4467],[104.0403,16.4411],[104.0464,16.3892],[104.1644,16.445],[104.1972,16.4325],[104.244,16.4329]]]}},{"type":"Feature","properties":{"iso":"TH-65","name_en":"Phitsanulok Province","label_lon":100.5327,"label_lat":17.046},"geometry":{"type":"Polygon","coordinates":[[[99.9044,16.688],[99.8903,16.6386],[99.918,16.5833],[100.0058,16.5558],[100.0219,16.5353],[100.032,16.496],[100.115,16.5131],[100.1689,16.5658],[100.2151,16.5974],[100.2351,16.5986],[100.2492,16.5331],[100.2886,16.5261],[100.3114,16.5408],[100.3433,16.5211],[100.4197,16.5381],[100.4572,16.5283],[100.5178,16.5389],[100.5478,16.5344],[100.5792,16.4653],[100.5842,16.4214],[100.6681,16.3471],[100.698,16.3831],[100.6994,16.4119],[100.743,16.4239],[100.773,16.4503],[100.795,16.4528],[100.7953,16.4817],[100.8436,16.5453],[100.8369,16.5956],[100.8544,16.6433],[100.8733,16.6622],[100.9125,16.6667],[100.9275,16.6844],[100.9141,16.7069],[100.9066,16.7533],[100.8908,16.7706],[100.8933,16.7908],[100.9122,16.8011],[100.9367,16.7972],[100.9508,16.8253],[100.9686,16.8317],[100.9769,16.8511],[101.0036,16.8614],[101.0294,16.9006],[101.0417,16.9075],[101.0669,16.8998],[101.073,16.9178],[101.027,16.9378],[101.0517,16.9573],[101.0304,17.0075],[101.0583,17.0295],[101.0509,17.0775],[101.0658,17.1045],[101.0641,17.1528],[101.0953,17.22],[101.0714,17.265],[101.0341,17.2753],[101.0205,17.2986],[100.9969,17.3056],[100.9911,17.3256],[100.9036,17.3292],[100.9103,17.4119],[100.8817,17.4669],[100.9042,17.4917],[100.905,17.5206],[100.9294,17.5381],[100.927,17.5699],[100.9676,17.5715],[100.9688,17.5932],[100.9914,17.6191],[100.99,17.6668],[101.009,17.6987],[100.9995,17.699],[101.007,17.7319],[100.9917,17.7337],[100.9866,17.7481],[100.9542,17.705],[100.9311,17.6906],[100.8989,17.6903],[100.8886,17.708],[100.8672,17.7028],[100.8303,17.64],[100.7972,17.6272],[100.7415,17.5447],[100.6429,17.495],[100.647,17.4769],[100.6103,17.4664],[100.5797,17.4178],[100.5149,17.4051],[100.5017,17.4301],[100.4874,17.4196],[100.4484,17.4247],[100.3783,17.3858],[100.3455,17.3833],[100.3383,17.3667],[100.305,17.3722],[100.2531,17.3444],[100.2466,17.3075],[100.2592,17.2414],[100.1914,17.188],[100.1672,17.2039],[100.0892,17.1792],[100.0464,17.1764],[100.0325,17.1617],[100.0144,17.1808],[99.9728,17.1603],[99.9128,17.1611],[99.9289,17.1192],[99.9508,17.1078],[99.9841,17.0625],[100.1278,16.9694],[100.1319,16.9514],[100.1202,16.9267],[100.1322,16.9011],[100.1233,16.8908],[100.0736,16.8975],[100.0325,16.8911],[100.0225,16.8822],[100.0214,16.8547],[99.9489,16.8625],[99.9317,16.7864],[99.8883,16.7544],[99.8869,16.7353],[99.9325,16.7242],[99.9408,16.7133],[99.9386,16.7019],[99.9044,16.688]]]}},{"type":"Feature","properties":{"iso":"TH-85","name_en":"Ranong Province","label_lon":98.7555,"label_lat":10.0464},"geometry":{"type":"MultiPolygon","coordinates":[[[[98.5586,9.8958],[98.5703,9.9104],[98.5619,9.9208],[98.5578,9.9145],[98.5586,9.8958]]],[[[98.5026,9.7097],[98.4971,9.7019],[98.5078,9.6932],[98.5151,9.7029],[98.5026,9.7097]]],[[[98.4172,9.7184],[98.4153,9.777],[98.4002,9.7644],[98.4087,9.762],[98.4066,9.748],[98.3888,9.7504],[98.3798,9.7323],[98.3966,9.7158],[98.3899,9.7039],[98.4172,9.7184]]],[[[98.4422,9.8437],[98.4316,9.8283],[98.4332,9.8049],[98.4524,9.79],[98.4511,9.8095],[98.4682,9.8244],[98.4628,9.8385],[98.4707,9.8621],[98.458,9.8608],[98.4513,9.8742],[98.4369,9.8555],[98.4422,9.8437]]],[[[98.4679,9.8925],[98.4827,9.8969],[98.4902,9.9126],[98.4756,9.9111],[98.4679,9.8925]]],[[[98.514,9.9211],[98.5084,9.9065],[98.5218,9.9212],[98.514,9.9211]]],[[[98.7497,9.6011],[98.7297,9.6278],[98.6625,9.6553],[98.6287,9.762],[98.6336,9.7876],[98.7206,9.8667],[98.7206,9.8932],[98.7514,9.9182],[98.7545,9.9316],[98.7814,9.9503],[98.8133,9.9363],[98.8427,9.9915],[98.8696,9.9934],[98.9066,10.032],[98.8931,10.0639],[98.846,10.0607],[98.8396,10.0679],[98.8642,10.0959],[98.8598,10.1271],[98.8703,10.1515],[98.8889,10.1607],[98.8731,10.1887],[98.9005,10.2445],[98.9,10.2904],[98.9519,10.3375],[98.9464,10.3817],[98.9155,10.3972],[98.9058,10.4131],[98.9025,10.4617],[98.9122,10.4844],[98.9694,10.5369],[98.953,10.5625],[98.9783,10.6017],[98.9592,10.6125],[98.9633,10.6339],[98.945,10.6483],[98.9408,10.6697],[98.9228,10.6747],[98.918,10.6878],[98.9044,10.6836],[98.9269,10.7456],[98.8785,10.7886],[98.8583,10.7757],[98.7917,10.6837],[98.7799,10.6787],[98.785,10.6529],[98.7711,10.621],[98.781,10.6161],[98.7814,10.6015],[98.8011,10.604],[98.8018,10.5867],[98.8113,10.5922],[98.7987,10.5596],[98.8129,10.5549],[98.8128,10.5306],[98.8219,10.5297],[98.8146,10.4934],[98.7997,10.4831],[98.8088,10.469],[98.7969,10.4562],[98.7996,10.4465],[98.7818,10.442],[98.7555,10.3932],[98.7426,10.3215],[98.7002,10.2132],[98.6714,10.1713],[98.6523,10.161],[98.641,10.1309],[98.6453,10.1137],[98.5795,9.9863],[98.5697,9.9585],[98.5922,9.9316],[98.5694,9.9225],[98.5737,9.9065],[98.5599,9.8815],[98.5406,9.8866],[98.5288,9.873],[98.5288,9.8564],[98.5158,9.8531],[98.5396,9.8041],[98.5367,9.7905],[98.5065,9.7826],[98.5126,9.7537],[98.5005,9.7386],[98.5265,9.7507],[98.5387,9.7435],[98.554,9.7483],[98.5578,9.7292],[98.5269,9.6785],[98.5067,9.6725],[98.4847,9.6863],[98.4975,9.6532],[98.5096,9.6573],[98.5082,9.6442],[98.4941,9.6224],[98.4786,9.6348],[98.4704,9.6244],[98.4622,9.6287],[98.4666,9.567],[98.4564,9.5643],[98.4394,9.5136],[98.4259,9.4282],[98.4075,9.3977],[98.3967,9.4004],[98.3917,9.3459],[98.4372,9.3553],[98.4697,9.3325],[98.468,9.3161],[98.4955,9.3061],[98.5108,9.3063],[98.5372,9.3458],[98.5839,9.3628],[98.5947,9.3631],[98.6108,9.3428],[98.6644,9.3478],[98.6783,9.3794],[98.6566,9.3839],[98.6536,9.4186],[98.6591,9.4275],[98.6794,9.4189],[98.6864,9.4428],[98.675,9.45],[98.6755,9.4608],[98.7033,9.4689],[98.75,9.5272],[98.7753,9.5381],[98.7681,9.5711],[98.7505,9.5814],[98.7497,9.6011]]]]}},{"type":"Feature","properties":{"iso":"TH-41","name_en":"Udon Thani Province","label_lon":102.8335,"label_lat":17.4689},"geometry":{"type":"Polygon","coordinates":[[[102.6884,16.987],[102.6925,17.0383],[102.7203,17.0764],[102.7322,17.0403],[102.7642,17.0289],[102.8336,16.9756],[102.8208,16.9578],[102.8397,16.8683],[102.8778,16.8817],[102.9117,16.8672],[102.9344,16.8433],[102.9636,16.8414],[103.1075,16.9075],[103.1339,16.9542],[103.2111,16.9511],[103.2314,16.9628],[103.2814,16.9494],[103.3103,16.9264],[103.3441,16.9269],[103.3983,16.9047],[103.4244,16.8794],[103.4341,16.8247],[103.4494,16.8622],[103.4825,16.903],[103.4844,16.9592],[103.5094,16.9955],[103.5061,17.045],[103.5322,17.0764],[103.5472,17.0906],[103.5833,17.1006],[103.6169,17.0886],[103.65,17.0436],[103.6586,17.0461],[103.6506,17.0697],[103.6564,17.1034],[103.6269,17.1109],[103.5881,17.1647],[103.5564,17.1609],[103.5283,17.1895],[103.4733,17.2153],[103.4639,17.2315],[103.44,17.2147],[103.4022,17.2167],[103.3369,17.2511],[103.2739,17.2628],[103.2461,17.3086],[103.2925,17.3842],[103.27,17.4306],[103.2911,17.5025],[103.3067,17.5159],[103.3369,17.5792],[103.4036,17.5945],[103.395,17.6106],[103.3947,17.6836],[103.405,17.7292],[103.3947,17.7517],[103.3775,17.7528],[103.365,17.7803],[103.3742,17.7917],[103.3781,17.8334],[103.4122,17.8356],[103.3936,17.8453],[103.3995,17.8665],[103.3444,17.8528],[103.3155,17.83],[103.2958,17.8389],[103.2639,17.8814],[103.2019,17.8539],[103.1719,17.7997],[103.0577,17.8892],[103.0533,17.8733],[103.03,17.8689],[103.0119,17.84],[102.9847,17.82],[102.9436,17.8844],[102.89,17.8897],[102.8808,17.8794],[102.8858,17.8583],[102.8483,17.8069],[102.8655,17.7697],[102.8633,17.7264],[102.8455,17.6925],[102.7878,17.6617],[102.7769,17.6192],[102.7436,17.6011],[102.7089,17.61],[102.6619,17.5917],[102.6503,17.6117],[102.6053,17.6175],[102.6105,17.69],[102.5353,17.7553],[102.4628,17.7586],[102.4389,17.7903],[102.4447,17.8147],[102.4091,17.8411],[102.3922,17.8919],[102.3383,17.9286],[102.3272,17.9497],[102.2414,18.0014],[102.2139,18.0078],[102.2042,18.0219],[102.1531,17.9919],[102.1408,18.0125],[102.1478,18.0339],[102.128,18.0344],[102.1175,18.06],[102.0886,18.0586],[102.0583,18.0882],[102.0394,17.9875],[102.0219,17.9819],[102.0372,17.8894],[102.0536,17.8597],[102.0414,17.8025],[102.048,17.7858],[102.0339,17.7767],[102.0228,17.7403],[102.0375,17.6653],[102.0542,17.6583],[102.0705,17.6914],[102.0819,17.6744],[102.0808,17.6433],[102.1146,17.6567],[102.1202,17.6442],[102.138,17.6408],[102.1575,17.6605],[102.1547,17.6718],[102.1718,17.6752],[102.1932,17.6593],[102.2877,17.6548],[102.2766,17.6703],[102.3325,17.6782],[102.3286,17.6483],[102.3381,17.589],[102.3476,17.5818],[102.3436,17.5515],[102.3575,17.525],[102.3678,17.5227],[102.3968,17.4353],[102.446,17.3391],[102.4441,17.2796],[102.4623,17.2849],[102.4746,17.2762],[102.4965,17.2841],[102.5409,17.2606],[102.5957,17.2625],[102.5766,17.2326],[102.5572,17.2375],[102.5481,17.2174],[102.5385,17.2307],[102.5195,17.2163],[102.5119,17.1855],[102.5211,17.1829],[102.5159,17.1598],[102.525,17.1431],[102.508,17.1355],[102.5203,17.1002],[102.5746,17.0376],[102.6195,17.0194],[102.6322,17.0027],[102.6884,16.987]]]}},{"type":"Feature","properties":{"iso":"TH-47","name_en":"Sakon Nakhon Province","label_lon":103.6558,"label_lat":17.4186},"geometry":{"type":"Polygon","coordinates":[[[103.4094,17.8767],[103.3936,17.8453],[103.4122,17.8356],[103.3781,17.8334],[103.3742,17.7917],[103.365,17.7803],[103.3775,17.7528],[103.3947,17.7517],[103.405,17.7292],[103.3947,17.6836],[103.395,17.6106],[103.4036,17.5945],[103.3369,17.5792],[103.2808,17.4803],[103.27,17.4306],[103.2925,17.3842],[103.2464,17.3156],[103.2692,17.2664],[103.3369,17.2511],[103.4022,17.2167],[103.44,17.2147],[103.4639,17.2315],[103.4733,17.2153],[103.5283,17.1895],[103.5564,17.1609],[103.5908,17.1628],[103.6269,17.1109],[103.6581,17.1],[103.6506,17.0697],[103.6586,17.0461],[103.6441,17.0236],[103.6608,17.0161],[103.6941,17.0244],[103.7536,16.9753],[103.7783,16.9669],[103.7869,16.9478],[103.7817,16.915],[103.7944,16.8914],[103.8292,16.8733],[103.845,16.8433],[103.9066,16.8103],[103.943,16.7761],[103.9533,16.7803],[103.9597,16.8178],[103.9753,16.8139],[103.9822,16.83],[104.0241,16.8583],[104.0729,16.8324],[104.1011,16.8333],[104.1239,16.8617],[104.13,16.8919],[104.2053,16.8828],[104.2464,16.8989],[104.3105,16.9411],[104.3247,16.9794],[104.3919,17.0142],[104.3955,17.0382],[104.3547,17.0664],[104.3606,17.0915],[104.4,17.1222],[104.4014,17.1744],[104.4175,17.2108],[104.4433,17.2367],[104.4233,17.32],[104.4283,17.3372],[104.4111,17.3669],[104.4191,17.415],[104.31,17.4222],[104.2253,17.405],[104.1575,17.4111],[104.1344,17.3814],[104.0964,17.4008],[104.093,17.3772],[104.0511,17.3864],[104.0086,17.4764],[104.0347,17.5211],[104.0325,17.5536],[104.0494,17.5792],[104.0292,17.6322],[104.0617,17.6455],[104.08,17.6781],[104.0644,17.6867],[104.0742,17.7],[104.0586,17.7114],[104.0636,17.7355],[104.048,17.7319],[104.0403,17.7592],[104.0153,17.7611],[104.0147,17.7975],[103.9966,17.8028],[103.9939,17.7814],[103.9686,17.7653],[103.9628,17.7781],[103.9419,17.7792],[103.9347,17.8022],[103.9197,17.8122],[103.92,17.8517],[103.9017,17.8394],[103.8947,17.845],[103.9044,17.8719],[103.8972,17.8772],[103.8661,17.8553],[103.8516,17.8769],[103.8272,17.8639],[103.7969,17.8703],[103.8061,17.8456],[103.7905,17.8408],[103.76,17.8719],[103.7781,17.8942],[103.7761,17.9239],[103.7586,17.923],[103.7617,17.9486],[103.7492,17.9375],[103.7422,17.9089],[103.6861,17.9478],[103.6655,17.9408],[103.6583,17.9631],[103.6397,17.9556],[103.6205,17.9711],[103.6186,17.9983],[103.6375,18.0044],[103.6347,18.0114],[103.6094,18.0153],[103.588,18.0431],[103.5761,18.0383],[103.5386,18.0628],[103.5067,18.0639],[103.4778,18.0469],[103.4764,18.0114],[103.4553,17.9922],[103.433,17.99],[103.4327,17.9783],[103.3997,17.9861],[103.3786,17.9778],[103.3808,17.9519],[103.3975,17.9475],[103.4044,17.9339],[103.3883,17.925],[103.3933,17.903],[103.4083,17.8933],[103.4094,17.8767]]]}},{"type":"Feature","properties":{"iso":"TH-57","name_en":"Chiang Rai Province","label_lon":99.883,"label_lat":19.7307},"geometry":{"type":"Polygon","coordinates":[[[100.4066,19.7355],[100.4152,19.7816],[100.4384,19.7917],[100.4493,19.8473],[100.4966,19.8646],[100.5011,19.8843],[100.5203,19.9034],[100.5161,19.9395],[100.5417,20.0222],[100.5516,20.0308],[100.5785,20.1678],[100.5512,20.1748],[100.5301,20.1449],[100.5181,20.1439],[100.476,20.1904],[100.456,20.1987],[100.4534,20.2302],[100.4144,20.2537],[100.3824,20.314],[100.3749,20.3507],[100.3592,20.3552],[100.3553,20.378],[100.3305,20.3982],[100.2723,20.4006],[100.2497,20.3864],[100.247,20.3692],[100.2245,20.3511],[100.2287,20.3322],[100.2212,20.3177],[100.1675,20.2981],[100.1806,20.2634],[100.1717,20.2458],[100.1603,20.2441],[100.1125,20.25],[100.0958,20.2628],[100.0906,20.2759],[100.0986,20.3085],[100.0786,20.3803],[100.0674,20.3745],[100.0716,20.3897],[100.0636,20.3852],[100.0573,20.3965],[100.0538,20.3877],[100.0418,20.3987],[100.0396,20.3928],[100.0087,20.4191],[100.0035,20.4128],[99.9603,20.4648],[99.9214,20.4455],[99.865,20.4461],[99.8372,20.3743],[99.8091,20.3378],[99.7763,20.3348],[99.7301,20.3501],[99.7175,20.3423],[99.7185,20.329],[99.6815,20.3162],[99.6434,20.3433],[99.6127,20.3318],[99.5577,20.358],[99.5163,20.3627],[99.4991,20.3842],[99.4584,20.3928],[99.4557,20.3624],[99.4896,20.3457],[99.5071,20.3258],[99.5049,20.2941],[99.5226,20.2334],[99.5638,20.2059],[99.538,20.1653],[99.5386,20.1477],[99.5114,20.1517],[99.5669,20.1172],[99.5358,20.0922],[99.5064,20.0831],[99.5031,20.0603],[99.555,20.0228],[99.5872,20.0172],[99.5883,19.9655],[99.57,19.9464],[99.5603,19.9144],[99.5336,19.9342],[99.5261,19.9617],[99.5033,19.9728],[99.453,19.9761],[99.4191,19.958],[99.4197,19.9186],[99.3931,19.9025],[99.3833,19.8842],[99.3917,19.8567],[99.4139,19.8403],[99.4094,19.8311],[99.4191,19.8133],[99.3844,19.8011],[99.3661,19.7681],[99.3633,19.7258],[99.3486,19.7169],[99.3469,19.705],[99.3242,19.7056],[99.2628,19.6486],[99.2665,19.6113],[99.291,19.5957],[99.2965,19.5661],[99.3253,19.5406],[99.2933,19.4983],[99.2997,19.4858],[99.3076,19.4892],[99.3181,19.4529],[99.3103,19.43],[99.3342,19.3664],[99.3171,19.3517],[99.3439,19.2642],[99.3097,19.2247],[99.3132,19.2081],[99.3031,19.1938],[99.3051,19.1763],[99.3188,19.1643],[99.3235,19.1201],[99.3456,19.0854],[99.3844,19.0631],[99.3876,19.0259],[99.4013,19.0],[99.437,19.0079],[99.4831,19.069],[99.5264,19.0744],[99.5389,19.084],[99.5367,19.1069],[99.5597,19.1396],[99.5353,19.1633],[99.555,19.245],[99.5697,19.2583],[99.5822,19.2956],[99.5839,19.3664],[99.5705,19.395],[99.5722,19.4233],[99.5883,19.4494],[99.5872,19.4686],[99.6158,19.505],[99.6447,19.5036],[99.6542,19.4636],[99.6714,19.4642],[99.6858,19.4506],[99.6872,19.4298],[99.7089,19.4314],[99.738,19.4544],[99.8525,19.4675],[99.9061,19.4842],[99.9222,19.4669],[99.913,19.3953],[99.9264,19.385],[99.953,19.3861],[100.0236,19.4375],[100.0814,19.4294],[100.0866,19.4522],[100.108,19.4683],[100.1369,19.4733],[100.1392,19.5011],[100.1564,19.5206],[100.1536,19.5367],[100.1664,19.5483],[100.1641,19.5714],[100.1831,19.6126],[100.2175,19.6356],[100.2644,19.6344],[100.2764,19.65],[100.2896,19.6425],[100.317,19.6487],[100.3418,19.688],[100.3377,19.7087],[100.3838,19.7087],[100.4066,19.7355]]]}},{"type":"Feature","properties":{"iso":"TH-63","name_en":"Tak Province","label_lon":98.8233,"label_lat":16.4632},"geometry":{"type":"Polygon","coordinates":[[[99.0976,15.8752],[99.0876,15.9154],[99.098,15.9297],[99.0756,15.9567],[99.0883,15.9755],[99.0825,16.0083],[99.0878,16.0419],[99.1067,16.0493],[99.118,16.0718],[99.1061,16.1034],[99.0935,16.1042],[99.0763,16.1286],[99.0509,16.1359],[99.0509,16.1614],[99.0672,16.1648],[99.083,16.2125],[99.049,16.2574],[99.042,16.2903],[99.0542,16.3092],[99.0513,16.3342],[99.0414,16.3398],[99.0417,16.3749],[99.0149,16.3868],[99.0219,16.4272],[99.0106,16.4493],[98.994,16.4542],[98.9844,16.489],[99.0009,16.4993],[99.0221,16.4746],[99.053,16.48],[99.103,16.4717],[99.1642,16.5044],[99.1761,16.5258],[99.2255,16.5322],[99.2544,16.5631],[99.2461,16.6467],[99.275,16.6744],[99.2814,16.7036],[99.2989,16.7239],[99.2958,16.7847],[99.3269,16.8103],[99.3289,16.8542],[99.3458,16.8878],[99.308,16.9206],[99.278,16.9289],[99.2672,16.9589],[99.285,17.0142],[99.278,17.0603],[99.3192,17.1083],[99.3253,17.1292],[99.313,17.1406],[99.3186,17.2627],[99.3022,17.2747],[99.2775,17.3236],[99.2664,17.3981],[99.218,17.3958],[99.2011,17.3628],[99.1749,17.3473],[99.1726,17.3358],[99.1303,17.3564],[99.0678,17.3697],[99.0389,17.3842],[99.0056,17.4208],[99.0225,17.47],[98.9375,17.4691],[98.9249,17.522],[98.912,17.5322],[98.8797,17.5025],[98.881,17.4895],[98.8567,17.5107],[98.8287,17.5118],[98.7802,17.4913],[98.7543,17.468],[98.7156,17.4561],[98.6908,17.4238],[98.6815,17.4535],[98.7059,17.4867],[98.6969,17.5154],[98.7053,17.5417],[98.6956,17.5832],[98.6839,17.594],[98.6922,17.6295],[98.6848,17.6645],[98.7486,17.6926],[98.7044,17.7519],[98.655,17.7314],[98.6478,17.6953],[98.6111,17.6658],[98.6139,17.6292],[98.6272,17.6056],[98.6128,17.5733],[98.5553,17.5556],[98.5353,17.5147],[98.5344,17.4611],[98.5664,17.423],[98.5644,17.3947],[98.5489,17.3633],[98.5708,17.3481],[98.5678,17.2922],[98.5236,17.275],[98.4697,17.27],[98.4219,17.2483],[98.3339,17.3069],[98.3394,17.3475],[98.3105,17.4019],[98.3314,17.4139],[98.3367,17.4275],[98.3116,17.445],[98.3242,17.5261],[98.3042,17.5708],[98.2592,17.5775],[98.2619,17.6567],[98.2944,17.6753],[98.3025,17.6958],[98.2378,17.6819],[98.1964,17.6428],[98.1158,17.645],[97.9911,17.5908],[97.9744,17.57],[97.9116,17.5668],[97.9232,17.5395],[97.9622,17.5276],[97.9714,17.5078],[97.9926,17.5099],[98.0365,17.452],[98.0559,17.4417],[98.0458,17.4295],[98.0801,17.3903],[98.0891,17.3964],[98.1191,17.3749],[98.1052,17.3377],[98.1126,17.3194],[98.1255,17.3209],[98.1354,17.2924],[98.1625,17.2792],[98.1678,17.2622],[98.2055,17.2495],[98.2136,17.2284],[98.2283,17.2205],[98.2442,17.227],[98.2279,17.2049],[98.2477,17.2101],[98.2502,17.1823],[98.2633,17.1876],[98.2612,17.1745],[98.2805,17.1729],[98.2674,17.1599],[98.2724,17.1512],[98.2874,17.1566],[98.2985,17.1474],[98.2849,17.1435],[98.2801,17.1158],[98.2933,17.1133],[98.2986,17.1278],[98.3018,17.1073],[98.3234,17.1109],[98.3161,17.0946],[98.3095,17.1015],[98.3002,17.0926],[98.3136,17.0889],[98.323,17.0643],[98.3468,17.0478],[98.3904,17.0608],[98.3955,17.0477],[98.4125,17.0535],[98.4162,17.0432],[98.4382,17.036],[98.4304,17.0218],[98.4551,17.0227],[98.4476,16.9976],[98.4735,16.9957],[98.481,16.9808],[98.4693,16.9711],[98.4877,16.9713],[98.4885,16.9574],[98.5085,16.948],[98.4957,16.95],[98.4826,16.9366],[98.4914,16.9341],[98.4907,16.9225],[98.5056,16.9277],[98.5069,16.9108],[98.5215,16.9176],[98.5127,16.9021],[98.5358,16.8985],[98.5259,16.8848],[98.5401,16.8615],[98.5092,16.88],[98.5162,16.8586],[98.4995,16.8631],[98.4921,16.842],[98.5029,16.8324],[98.5136,16.8376],[98.5377,16.829],[98.5474,16.8135],[98.5163,16.8061],[98.517,16.798],[98.5264,16.7989],[98.5203,16.7902],[98.5094,16.7979],[98.5016,16.7855],[98.4853,16.7894],[98.4799,16.748],[98.4627,16.7503],[98.4691,16.7377],[98.4632,16.7302],[98.4781,16.7186],[98.4709,16.7125],[98.5019,16.7146],[98.4956,16.6907],[98.5103,16.7008],[98.5158,16.6948],[98.512,16.6449],[98.5213,16.6508],[98.534,16.6361],[98.5714,16.6318],[98.5706,16.6066],[98.5871,16.5886],[98.5792,16.5748],[98.5869,16.5674],[98.5732,16.5718],[98.5768,16.5585],[98.5976,16.547],[98.5975,16.5329],[98.6342,16.4778],[98.6519,16.4715],[98.6581,16.4549],[98.6392,16.4315],[98.6376,16.4125],[98.6561,16.4],[98.6486,16.3943],[98.6581,16.3777],[98.6533,16.371],[98.6645,16.3647],[98.6525,16.3524],[98.6664,16.3468],[98.6659,16.2919],[98.675,16.2718],[98.6811,16.2814],[98.7032,16.2708],[98.7268,16.3288],[98.7454,16.3474],[98.7773,16.3441],[98.7814,16.3652],[98.8173,16.3851],[98.8131,16.3944],[98.8298,16.4219],[98.8814,16.423],[98.918,16.3873],[98.9094,16.3468],[98.9253,16.3447],[98.9317,16.3289],[98.9107,16.2981],[98.9028,16.2537],[98.852,16.2196],[98.8614,16.17],[98.8511,16.1606],[98.8485,16.1279],[98.8328,16.1266],[98.8284,16.1154],[98.8054,16.1046],[98.7881,16.1108],[98.7792,16.126],[98.7414,16.1197],[98.6991,16.1357],[98.6779,16.1279],[98.6825,16.1115],[98.6662,16.1108],[98.6741,16.0971],[98.6593,16.0833],[98.6614,16.0733],[98.6264,16.0624],[98.6279,16.0438],[98.6083,16.0419],[98.6069,16.0622],[98.5892,16.0762],[98.5671,16.0569],[98.5615,16.032],[98.5967,16.0084],[98.6063,15.9863],[98.6087,15.9726],[98.5938,15.9594],[98.584,15.9181],[98.5957,15.8749],[98.6108,15.8768],[98.5769,15.8002],[98.5483,15.6852],[98.5581,15.655],[98.5837,15.663],[98.5926,15.6463],[98.6274,15.6377],[98.6262,15.6269],[98.6446,15.6375],[98.6636,15.6211],[98.7341,15.5119],[98.7197,15.4942],[98.7672,15.4664],[98.775,15.4328],[98.8022,15.4142],[98.8739,15.3144],[98.8919,15.2725],[98.9305,15.2589],[98.9566,15.2344],[98.9751,15.1852],[98.9853,15.1808],[99.002,15.1851],[99.0064,15.2349],[99.0199,15.2485],[99.0169,15.2657],[99.0387,15.287],[99.0298,15.3065],[99.0452,15.3729],[99.0687,15.3979],[99.0565,15.4419],[99.0785,15.4934],[99.056,15.5178],[99.0489,15.5537],[99.0878,15.5759],[99.0952,15.6048],[99.1161,15.628],[99.1151,15.6703],[99.1373,15.7276],[99.1285,15.7626],[99.1358,15.7964],[99.128,15.8122],[99.0975,15.833],[99.0976,15.8752]]]}},{"type":"Feature","properties":{"iso":"TH-73","name_en":"Nakhon Pathom Province","label_lon":100.1075,"label_lat":13.916},"geometry":{"type":"Polygon","coordinates":[[[100.3279,13.8042],[100.2655,13.9207],[100.2983,13.9634],[100.2624,13.9981],[100.2695,14.0231],[100.277,14.0236],[100.2641,14.0601],[100.2761,14.0801],[100.2847,14.1636],[100.2269,14.1778],[100.1725,14.1564],[100.1575,14.1389],[99.9803,14.145],[99.8728,14.0617],[99.8114,14.0617],[99.8097,14.0281],[99.828,13.9961],[99.8522,13.9942],[99.8589,13.9614],[99.8778,13.9583],[99.88,13.9444],[99.9314,13.9328],[99.9514,13.9114],[99.9503,13.8789],[99.9617,13.8442],[99.9483,13.7417],[99.9772,13.7108],[100.0288,13.7544],[100.0248,13.7072],[100.0362,13.691],[100.0615,13.6834],[100.058,13.651],[100.1224,13.6537],[100.1135,13.679],[100.1237,13.6828],[100.1636,13.6767],[100.1816,13.689],[100.193,13.6768],[100.2157,13.6877],[100.225,13.6715],[100.2748,13.6859],[100.289,13.7129],[100.3362,13.723],[100.3279,13.8042]]]}},{"type":"Feature","properties":{"iso":"TH-51","name_en":"Lamphun Province","label_lon":98.9399,"label_lat":18.0692},"geometry":{"type":"Polygon","coordinates":[[[98.912,17.5322],[98.9082,17.5743],[98.8806,17.6033],[98.8948,17.6368],[98.9611,17.6422],[98.9844,17.6364],[99.0133,17.6097],[99.05,17.6144],[99.06,17.6372],[99.0603,17.6819],[99.0819,17.6981],[99.0806,17.7289],[99.1241,17.7697],[99.1072,17.8092],[99.1328,17.8169],[99.1653,17.8108],[99.1589,17.8458],[99.1817,17.8506],[99.138,17.9044],[99.1103,17.915],[99.1103,17.9392],[99.0914,17.9533],[99.0947,17.9917],[99.0628,18.0558],[99.0578,18.1356],[99.0142,18.25],[99.0308,18.2622],[99.0719,18.2669],[99.0842,18.2786],[99.1053,18.2694],[99.1208,18.3075],[99.1461,18.3164],[99.1628,18.3667],[99.228,18.4472],[99.2397,18.4822],[99.2603,18.4947],[99.3017,18.4919],[99.313,18.5042],[99.3147,18.5297],[99.2147,18.5961],[99.215,18.6114],[99.2297,18.6197],[99.2278,18.6358],[99.1833,18.6856],[99.1875,18.6992],[99.1767,18.7072],[99.1292,18.6989],[99.1107,18.6797],[99.0728,18.6761],[99.0511,18.6536],[99.0133,18.67],[98.9825,18.6111],[98.9379,18.5631],[98.9339,18.5418],[98.8785,18.5104],[98.8669,18.5148],[98.8133,18.4623],[98.778,18.4498],[98.7648,18.4347],[98.7428,18.4316],[98.7251,18.4453],[98.7152,18.4343],[98.7087,18.4414],[98.693,18.4165],[98.7095,18.4138],[98.6813,18.3686],[98.7041,18.3338],[98.671,18.3254],[98.6757,18.3149],[98.6676,18.3061],[98.7389,18.2778],[98.7936,18.2375],[98.7939,18.1781],[98.8158,18.1486],[98.8125,18.0972],[98.8217,18.0825],[98.8003,18.0089],[98.8128,17.9706],[98.8514,17.9706],[98.8575,17.9619],[98.8903,17.8536],[98.9114,17.8197],[98.8983,17.7453],[98.8805,17.7264],[98.83,17.7155],[98.8064,17.7347],[98.7744,17.7411],[98.7583,17.7575],[98.7056,17.7576],[98.7057,17.7418],[98.7486,17.6926],[98.6848,17.6645],[98.6922,17.6295],[98.6839,17.594],[98.6956,17.5832],[98.7053,17.5417],[98.6969,17.5154],[98.7059,17.4867],[98.6815,17.4535],[98.6908,17.4238],[98.7156,17.4561],[98.7543,17.468],[98.7802,17.4913],[98.8287,17.5118],[98.8567,17.5107],[98.881,17.4895],[98.8797,17.5025],[98.912,17.5322]]]}},{"type":"Feature","properties":{"iso":"TH-23","name_en":"Trat Province","label_lon":102.4322,"label_lat":12.2032},"geometry":{"type":"MultiPolygon","coordinates":[[[[102.4168,11.901],[102.3976,11.9088],[102.3931,11.9059],[102.4073,11.8938],[102.4168,11.901]]],[[[102.3637,11.9282],[102.3483,11.9168],[102.3446,11.901],[102.3625,11.9183],[102.3637,11.9282]]],[[[102.4694,11.9308],[102.4796,11.9377],[102.4815,11.9594],[102.4698,11.954],[102.4694,11.9308]]],[[[102.3698,11.9897],[102.3847,12.0018],[102.4363,11.9524],[102.4374,11.97],[102.4468,11.9764],[102.407,12.0297],[102.3983,12.0346],[102.3917,12.0228],[102.3858,12.0211],[102.3991,12.0446],[102.3852,12.0498],[102.3831,12.068],[102.353,12.1129],[102.322,12.1363],[102.277,12.142],[102.2508,12.1571],[102.2691,12.1418],[102.2668,12.1327],[102.2498,12.1358],[102.2704,12.1068],[102.2748,12.0706],[102.2935,12.0448],[102.2937,11.9818],[102.3166,11.956],[102.3107,11.9694],[102.3176,11.9745],[102.3684,11.962],[102.3788,11.9665],[102.3698,11.9897]]],[[[102.5275,11.6963],[102.5349,11.6655],[102.524,11.657],[102.5322,11.6573],[102.5456,11.6228],[102.5329,11.6189],[102.5273,11.6036],[102.5481,11.5909],[102.5665,11.594],[102.5685,11.5761],[102.5932,11.5615],[102.6016,11.6074],[102.5887,11.6105],[102.6088,11.6451],[102.6011,11.6769],[102.6086,11.6895],[102.6014,11.6996],[102.5896,11.6956],[102.5791,11.712],[102.5645,11.7004],[102.5711,11.7318],[102.554,11.7623],[102.5344,11.7244],[102.5413,11.7058],[102.5275,11.6963]]],[[[102.5206,11.7084],[102.5241,11.7203],[102.5132,11.7263],[102.5159,11.7159],[102.5206,11.7084]]],[[[102.3883,11.7788],[102.3932,11.7967],[102.3846,11.8116],[102.3805,11.8073],[102.3883,11.7788]]],[[[102.4458,11.8076],[102.472,11.8098],[102.4872,11.79],[102.4875,11.8124],[102.505,11.8122],[102.5116,11.8269],[102.4812,11.8284],[102.4688,11.84],[102.4667,11.8214],[102.4447,11.8198],[102.4458,11.8076]]],[[[102.5192,11.8322],[102.5331,11.8425],[102.525,11.8567],[102.5192,11.8322]]],[[[102.2576,12.297],[102.261,12.271],[102.2883,12.2338],[102.2858,12.222],[102.2775,12.223],[102.2781,12.2071],[102.2912,12.189],[102.3261,12.1799],[102.3276,12.1911],[102.3445,12.1994],[102.3681,12.1934],[102.3982,12.1679],[102.4602,12.1636],[102.4786,12.1388],[102.5362,12.1089],[102.5505,12.0866],[102.5467,12.0588],[102.584,12.0431],[102.5895,12.0622],[102.5596,12.0968],[102.5676,12.1168],[102.5549,12.162],[102.5744,12.1639],[102.5603,12.1828],[102.5915,12.2103],[102.6403,12.1806],[102.6471,12.1625],[102.6276,12.1546],[102.6282,12.1459],[102.7553,12.041],[102.7668,12.0212],[102.7719,11.9872],[102.7657,11.9816],[102.7847,11.9432],[102.7739,11.9124],[102.8858,11.7631],[102.9062,11.7147],[102.901,11.6832],[102.906,11.6553],[102.9131,11.6539],[102.9049,11.7671],[102.8328,11.8563],[102.8152,11.9335],[102.78,11.9913],[102.7703,12.0745],[102.735,12.1095],[102.7035,12.1727],[102.7175,12.2224],[102.7136,12.2614],[102.7262,12.3025],[102.7258,12.3643],[102.7427,12.3869],[102.7845,12.3999],[102.7842,12.4267],[102.7653,12.4569],[102.7366,12.4659],[102.7338,12.4892],[102.7203,12.4866],[102.7285,12.5127],[102.7113,12.509],[102.6779,12.5389],[102.6851,12.5482],[102.6622,12.5826],[102.6444,12.5854],[102.6453,12.6111],[102.617,12.6157],[102.5789,12.6538],[102.5328,12.6533],[102.5111,12.6699],[102.5098,12.6917],[102.4973,12.7044],[102.5064,12.7513],[102.4719,12.7331],[102.4444,12.7303],[102.3928,12.6706],[102.3944,12.6237],[102.4033,12.6117],[102.3907,12.5999],[102.4147,12.5644],[102.3633,12.5933],[102.3275,12.5544],[102.3255,12.5247],[102.3458,12.4989],[102.35,12.4764],[102.3325,12.4567],[102.3255,12.4276],[102.3684,12.4017],[102.372,12.3872],[102.3448,12.3637],[102.3437,12.3348],[102.3049,12.3008],[102.2576,12.297]]]]}},{"type":"Feature","properties":{"iso":"TH-70","name_en":"Ratchaburi Province","label_lon":99.6155,"label_lat":13.5286},"geometry":{"type":"Polygon","coordinates":[[[99.8586,13.3283],[99.8747,13.3889],[99.8928,13.4169],[99.8897,13.4481],[99.913,13.4906],[99.9125,13.5064],[99.9261,13.5122],[99.9744,13.4908],[100.0,13.4947],[100.0103,13.5078],[100.0378,13.5044],[100.0478,13.5961],[100.0783,13.6311],[100.0705,13.6517],[100.058,13.651],[100.0615,13.6834],[100.0362,13.691],[100.0248,13.7072],[100.0288,13.7544],[99.9772,13.7108],[99.9483,13.7417],[99.9617,13.8442],[99.9503,13.8789],[99.9514,13.9114],[99.9314,13.9328],[99.8703,13.9417],[99.8425,13.8711],[99.8205,13.8608],[99.8058,13.8153],[99.6891,13.8225],[99.6494,13.8161],[99.6247,13.7983],[99.5817,13.7925],[99.5403,13.7544],[99.4991,13.7694],[99.4711,13.8006],[99.4533,13.7814],[99.3505,13.75],[99.3297,13.7508],[99.2966,13.77],[99.28,13.7583],[99.2539,13.7686],[99.2011,13.7278],[99.167,13.7261],[99.1724,13.6304],[99.1655,13.613],[99.1788,13.5858],[99.1636,13.5742],[99.1924,13.545],[99.1873,13.4968],[99.2036,13.4794],[99.2075,13.4595],[99.1972,13.4509],[99.2102,13.4153],[99.2015,13.3719],[99.2068,13.3392],[99.1921,13.3228],[99.1869,13.2911],[99.2116,13.2619],[99.1964,13.2551],[99.2088,13.2313],[99.2042,13.2041],[99.2486,13.1839],[99.2703,13.1417],[99.3205,13.1658],[99.3228,13.2039],[99.3472,13.2297],[99.4556,13.1786],[99.4797,13.1908],[99.5044,13.1789],[99.5264,13.1992],[99.5747,13.1911],[99.6358,13.1989],[99.665,13.2161],[99.668,13.2728],[99.7033,13.3119],[99.7605,13.3331],[99.8586,13.3283]]]}},{"type":"Feature","properties":{"iso":"TH-35","name_en":"Yasothon Province","label_lon":104.2697,"label_lat":15.8158},"geometry":{"type":"Polygon","coordinates":[[[104.1293,15.5645],[104.1494,15.5253],[104.1489,15.5033],[104.2047,15.4469],[104.2475,15.3708],[104.3011,15.3392],[104.3528,15.3367],[104.3744,15.3158],[104.388,15.3206],[104.3972,15.2931],[104.4181,15.2847],[104.443,15.3447],[104.4341,15.3806],[104.42,15.3683],[104.3842,15.3981],[104.3839,15.4406],[104.4003,15.4778],[104.3989,15.5228],[104.4064,15.53],[104.4917,15.5311],[104.52,15.5589],[104.5086,15.5881],[104.463,15.6008],[104.4614,15.6328],[104.443,15.6308],[104.4391,15.7003],[104.4241,15.7144],[104.4389,15.8181],[104.4608,15.8489],[104.4603,15.9019],[104.5031,15.9572],[104.5089,15.9836],[104.5355,16.0125],[104.5736,16.0933],[104.6158,16.1208],[104.8055,16.1561],[104.808,16.1958],[104.7119,16.2108],[104.6864,16.2281],[104.6825,16.2419],[104.6683,16.2375],[104.6594,16.2136],[104.6369,16.2114],[104.5869,16.2517],[104.5591,16.31],[104.5211,16.3136],[104.5019,16.3414],[104.3953,16.3447],[104.3559,16.3233],[104.3503,16.2894],[104.3236,16.2553],[104.2928,16.2536],[104.2719,16.2367],[104.2328,16.1672],[104.1789,16.1425],[104.1508,16.1139],[104.1044,16.0911],[104.0978,16.0711],[104.1191,16.0375],[104.1086,15.9819],[104.048,15.9844],[104.015,15.9719],[104.0361,15.9397],[104.0237,15.9118],[104.0141,15.9108],[104.0212,15.8912],[104.015,15.8864],[104.0322,15.8752],[104.0236,15.8703],[104.0367,15.8683],[104.0197,15.8671],[104.029,15.86],[104.0211,15.8395],[104.0125,15.8445],[104.0171,15.8302],[104.0074,15.8315],[104.0142,15.8174],[103.9977,15.8142],[104.0003,15.7957],[104.035,15.7961],[104.077,15.8189],[104.0742,15.8394],[104.1117,15.8063],[104.134,15.7996],[104.1386,15.7852],[104.1274,15.7685],[104.1418,15.7512],[104.1322,15.7432],[104.1307,15.7055],[104.1182,15.7021],[104.1284,15.696],[104.139,15.7109],[104.1481,15.7123],[104.1422,15.7063],[104.1524,15.6902],[104.1769,15.6713],[104.1755,15.6638],[104.1874,15.6656],[104.184,15.6566],[104.1721,15.6602],[104.1785,15.6386],[104.1701,15.6325],[104.1914,15.6322],[104.1822,15.6218],[104.1869,15.6094],[104.2134,15.616],[104.2061,15.6009],[104.1414,15.5792],[104.1293,15.5645]]]}},{"type":"Feature","properties":{"iso":"TH-54","name_en":"Phrae Province","label_lon":100.1728,"label_lat":18.2569},"geometry":{"type":"Polygon","coordinates":[[[100.1125,18.8083],[100.1255,18.7861],[100.1019,18.7534],[100.0978,18.7314],[100.1124,18.6698],[100.0997,18.6299],[100.1205,18.6011],[100.1105,18.5906],[100.1153,18.5653],[100.0944,18.5675],[100.0619,18.5528],[100.0525,18.4897],[100.0169,18.4408],[100.005,18.405],[99.9647,18.3797],[99.9144,18.2931],[99.8644,18.2736],[99.8408,18.2403],[99.8139,18.2208],[99.7611,18.1458],[99.7614,18.1161],[99.7378,18.1017],[99.7216,18.0664],[99.7014,18.0636],[99.6441,18.0217],[99.6128,18.0369],[99.598,18.0333],[99.5883,18.0008],[99.51,17.9392],[99.4214,17.8447],[99.375,17.7789],[99.3125,17.77],[99.315,17.7319],[99.3522,17.6811],[99.3811,17.6767],[99.4239,17.7039],[99.4489,17.7014],[99.5214,17.7897],[99.5614,17.8103],[99.6003,17.8172],[99.6625,17.7972],[99.7094,17.7508],[99.7264,17.7211],[99.7433,17.725],[99.7778,17.7792],[99.8075,17.7969],[99.9139,17.8064],[99.9594,17.7819],[99.9694,17.7994],[99.9953,17.8117],[99.9972,17.8314],[100.0483,17.8425],[100.0689,17.8358],[100.1411,17.8619],[100.2494,17.9556],[100.2855,17.9608],[100.3358,17.8942],[100.3519,17.8989],[100.37,17.9278],[100.3655,17.9805],[100.4169,18.0305],[100.4043,18.0636],[100.4087,18.0746],[100.3956,18.0871],[100.398,18.1349],[100.4183,18.1369],[100.46,18.1611],[100.4708,18.22],[100.5061,18.2786],[100.4922,18.3103],[100.495,18.3414],[100.5217,18.3664],[100.5422,18.4167],[100.5419,18.4547],[100.5311,18.4758],[100.505,18.4761],[100.4894,18.4933],[100.4403,18.495],[100.4208,18.4858],[100.4094,18.4936],[100.4008,18.55],[100.3853,18.5678],[100.3919,18.6175],[100.4075,18.63],[100.3535,18.683],[100.3933,18.7405],[100.3624,18.7489],[100.3638,18.7772],[100.3365,18.7876],[100.3386,18.8132],[100.3115,18.8101],[100.3012,18.8187],[100.2262,18.826],[100.1962,18.8144],[100.1857,18.822],[100.1768,18.8115],[100.1561,18.8346],[100.1338,18.8173],[100.118,18.8199],[100.1125,18.8083]]]}},{"type":"Feature","properties":{"iso":"TH-95","name_en":"Yala Province","label_lon":101.2371,"label_lat":6.1491},"geometry":{"type":"Polygon","coordinates":[[[100.8417,6.3018],[100.8352,6.2857],[100.8537,6.2319],[100.8704,6.2404],[100.8723,6.2646],[100.8989,6.2347],[100.9174,6.2482],[100.9447,6.2433],[100.947,6.264],[100.969,6.2831],[100.9844,6.2787],[101.0153,6.2467],[101.0316,6.2443],[101.064,6.2594],[101.1124,6.2516],[101.1052,6.238],[101.1267,6.1926],[101.1081,6.1794],[101.0858,6.1787],[101.0587,6.1423],[101.0894,6.1345],[101.1056,6.1235],[101.1059,6.1134],[101.1266,6.1069],[101.1003,6.0502],[101.1144,6.0391],[101.107,5.9904],[101.1244,5.977],[101.0951,5.9505],[101.0997,5.9423],[101.085,5.9092],[101.0634,5.9197],[101.0531,5.9103],[101.0371,5.918],[101.0258,5.913],[101.0294,5.9018],[101.009,5.8737],[101.0119,5.8375],[100.984,5.8072],[100.9895,5.7839],[101.0177,5.7673],[101.0339,5.738],[101.0602,5.7443],[101.0622,5.7267],[101.0829,5.7204],[101.0808,5.7098],[101.0955,5.7033],[101.1235,5.6615],[101.1328,5.6147],[101.1423,5.6135],[101.1723,5.6476],[101.215,5.6614],[101.2185,5.6875],[101.2419,5.6913],[101.26,5.7115],[101.2496,5.7624],[101.2763,5.8118],[101.3047,5.8135],[101.3135,5.8019],[101.3256,5.8137],[101.3461,5.8084],[101.3501,5.8269],[101.3754,5.8335],[101.3914,5.8757],[101.4854,5.8697],[101.4871,5.8835],[101.5023,5.8897],[101.4944,5.9044],[101.5011,5.9467],[101.4827,5.9831],[101.4866,6.0525],[101.4505,6.0842],[101.4336,6.1339],[101.4003,6.1558],[101.3797,6.2064],[101.4038,6.2225],[101.4139,6.3164],[101.4397,6.4217],[101.5433,6.4444],[101.5514,6.4683],[101.6169,6.5386],[101.6016,6.5554],[101.5558,6.5431],[101.5114,6.5978],[101.4566,6.5669],[101.4375,6.5756],[101.3303,6.5497],[101.3052,6.5928],[101.2964,6.6794],[101.2616,6.625],[101.2108,6.5942],[101.1505,6.6],[101.1011,6.6378],[101.1072,6.5889],[101.0903,6.5742],[101.0803,6.5481],[101.0569,6.5428],[101.0303,6.4769],[100.9811,6.4739],[100.93,6.4286],[100.9227,6.3158],[100.8669,6.2894],[100.8417,6.3018]]]}},{"type":"Feature","properties":{"iso":"TH-53","name_en":"Uttaradit Province","label_lon":100.4635,"label_lat":17.7714},"geometry":{"type":"Polygon","coordinates":[[[99.9828,17.1656],[100.0144,17.1808],[100.0325,17.1617],[100.0464,17.1764],[100.0892,17.1792],[100.1672,17.2039],[100.1914,17.188],[100.2592,17.2414],[100.2466,17.3075],[100.2531,17.3444],[100.305,17.3722],[100.3383,17.3667],[100.3455,17.3833],[100.3783,17.3858],[100.4484,17.4247],[100.4874,17.4196],[100.5017,17.4301],[100.5149,17.4051],[100.5797,17.4178],[100.6103,17.4664],[100.647,17.4769],[100.6429,17.495],[100.7415,17.5447],[100.7972,17.6272],[100.8303,17.64],[100.8672,17.7028],[100.8886,17.708],[100.9103,17.6872],[100.9542,17.705],[100.9866,17.7481],[100.978,17.763],[100.9986,17.7703],[101.0066,17.7843],[100.9925,17.805],[100.9986,17.8208],[101.0321,17.8333],[101.0346,17.8601],[101.0168,17.8784],[101.0187,17.891],[101.0472,17.9135],[101.0702,17.9138],[101.1167,17.9511],[101.1216,18.0001],[101.1511,18.037],[101.1606,18.0299],[101.184,18.0651],[101.1725,18.0767],[101.1609,18.1236],[101.1927,18.213],[101.1794,18.2243],[101.1654,18.2177],[101.1596,18.2451],[101.1442,18.2586],[101.1633,18.2778],[101.1484,18.2946],[101.1804,18.3272],[101.1822,18.3405],[101.1485,18.3465],[101.1299,18.3682],[101.0857,18.3803],[101.0731,18.3567],[101.0559,18.3546],[100.9968,18.3072],[100.9836,18.3088],[100.958,18.2711],[100.9192,18.2421],[100.9142,18.2266],[100.9245,18.2111],[100.9087,18.1939],[100.9129,18.157],[100.8848,18.1506],[100.8746,18.1402],[100.8768,18.1205],[100.8498,18.0837],[100.8125,18.08],[100.8039,18.0575],[100.7727,18.0268],[100.7266,18.032],[100.6928,18.0242],[100.6704,18.0447],[100.6573,18.0386],[100.6101,18.0496],[100.55,18.0333],[100.5442,18.0155],[100.4774,18.0263],[100.4203,18.0125],[100.4125,18.0194],[100.3655,17.9805],[100.37,17.9278],[100.3436,17.8933],[100.2936,17.9553],[100.2769,17.9611],[100.2403,17.9511],[100.2189,17.9214],[100.1411,17.8619],[100.0689,17.8358],[100.0483,17.8425],[99.9972,17.8314],[99.9953,17.8117],[99.9694,17.7994],[99.9594,17.7819],[99.9139,17.8064],[99.8964,17.8037],[99.928,17.7725],[99.9211,17.7503],[99.9694,17.705],[99.9797,17.6647],[99.9697,17.6139],[99.9278,17.5714],[99.9508,17.5389],[99.9675,17.5328],[99.9658,17.5183],[100.0197,17.4739],[100.0375,17.4361],[100.0294,17.4211],[99.998,17.4058],[100.0161,17.3825],[100.0175,17.3211],[100.0075,17.2936],[99.9853,17.2781],[99.9686,17.2483],[99.9855,17.2153],[99.9828,17.1656]]]}},{"type":"Feature","properties":{"iso":"TH-31","name_en":"Buri Ram Province","label_lon":103.0704,"label_lat":14.9622},"geometry":{"type":"Polygon","coordinates":[[[103.1114,15.4813],[103.0728,15.4976],[103.0906,15.5334],[103.046,15.5644],[103.0528,15.5927],[103.0259,15.6004],[103.0127,15.6287],[102.9745,15.6608],[102.9758,15.671],[103.005,15.6848],[103.0079,15.7012],[102.9464,15.7892],[102.9089,15.7778],[102.8917,15.7528],[102.8894,15.6703],[102.8775,15.6439],[102.8219,15.6206],[102.789,15.6394],[102.7828,15.6211],[102.798,15.5469],[102.8275,15.5114],[102.9222,15.5117],[102.9427,15.5044],[102.9578,15.4736],[103.0017,15.4703],[103.0189,15.445],[102.9936,15.4182],[102.9778,15.4237],[102.9694,15.4033],[102.9536,15.4017],[102.9589,15.3725],[103.0014,15.3572],[102.9728,15.3261],[102.9833,15.1889],[102.9419,15.1747],[102.9181,15.1822],[102.8533,15.1539],[102.7772,15.0719],[102.7864,15.0494],[102.7658,15.0233],[102.7608,14.9922],[102.7072,14.9525],[102.6247,14.9386],[102.5433,14.9667],[102.5205,14.9656],[102.5603,14.9372],[102.5467,14.895],[102.5783,14.8308],[102.5678,14.8142],[102.5036,14.8078],[102.4833,14.8333],[102.4369,14.8578],[102.4436,14.8075],[102.4817,14.7536],[102.4875,14.6931],[102.5114,14.6478],[102.4844,14.5722],[102.4983,14.5008],[102.5658,14.4467],[102.5822,14.4044],[102.5739,14.3708],[102.595,14.3456],[102.5919,14.3025],[102.6205,14.2794],[102.5831,14.2039],[102.5941,14.1486],[102.6116,14.1339],[102.6286,14.1544],[102.6555,14.1342],[102.685,14.1414],[102.7225,14.1317],[102.7686,14.1406],[102.8244,14.1675],[102.8778,14.1525],[102.8908,14.1636],[102.9358,14.1681],[102.9299,14.177],[102.9388,14.1954],[102.9562,14.1967],[102.9517,14.2061],[102.9625,14.2122],[102.9972,14.2135],[103.0133,14.2308],[103.0221,14.2285],[103.0573,14.285],[103.1241,14.3027],[103.1286,14.3198],[103.1419,14.3263],[103.1536,14.3139],[103.168,14.3348],[103.2189,14.3236],[103.2427,14.3375],[103.2386,14.3656],[103.2489,14.3886],[103.2408,14.4072],[103.2578,14.4414],[103.228,14.5294],[103.2375,14.5475],[103.2297,14.5922],[103.2508,14.6178],[103.2741,14.6783],[103.2889,14.73],[103.2841,14.7644],[103.3072,14.7928],[103.3083,14.8139],[103.3292,14.8328],[103.3462,14.8309],[103.3412,14.8388],[103.385,14.8716],[103.3791,14.8766],[103.3924,14.8862],[103.3895,14.8946],[103.4049,14.8975],[103.3982,14.9014],[103.402,14.9196],[103.4181,14.9191],[103.426,14.9287],[103.4282,14.9422],[103.4168,14.9588],[103.4296,14.9707],[103.4211,14.9774],[103.4307,14.9788],[103.4203,14.9852],[103.4268,14.9934],[103.4095,15.0034],[103.4221,15.0309],[103.4373,15.0299],[103.4483,15.0457],[103.4227,15.0659],[103.4417,15.0858],[103.4288,15.083],[103.4314,15.0997],[103.4422,15.1063],[103.4261,15.1059],[103.4334,15.1223],[103.4243,15.1304],[103.4292,15.1409],[103.421,15.152],[103.4294,15.1596],[103.4204,15.1683],[103.429,15.1841],[103.4183,15.1884],[103.419,15.201],[103.4362,15.2068],[103.4285,15.2138],[103.4477,15.2572],[103.4415,15.2634],[103.4592,15.2568],[103.4629,15.2831],[103.4805,15.2957],[103.5053,15.2923],[103.497,15.3015],[103.5038,15.3114],[103.4721,15.3205],[103.4677,15.3473],[103.4592,15.3354],[103.4437,15.3442],[103.451,15.3355],[103.4358,15.3353],[103.4273,15.3084],[103.4189,15.3167],[103.4029,15.3089],[103.3745,15.3393],[103.3495,15.3473],[103.3501,15.3403],[103.3136,15.3273],[103.3158,15.3181],[103.306,15.3192],[103.2896,15.2986],[103.2755,15.3194],[103.2484,15.307],[103.2526,15.3207],[103.2192,15.3213],[103.2236,15.3306],[103.2103,15.3311],[103.2119,15.3429],[103.1967,15.3355],[103.1872,15.3579],[103.1966,15.3583],[103.1944,15.3657],[103.1817,15.3681],[103.1563,15.3527],[103.1639,15.3644],[103.148,15.3758],[103.1545,15.3842],[103.1413,15.3884],[103.1461,15.4019],[103.1386,15.4121],[103.1351,15.4006],[103.1175,15.4019],[103.0899,15.4195],[103.1108,15.4506],[103.1114,15.4813]]]}},{"type":"Feature","properties":{"iso":"TH-62","name_en":"Kamphaeng Phet Province","label_lon":99.5205,"label_lat":16.336},"geometry":{"type":"Polygon","coordinates":[[[99.9944,16.3378],[99.9767,16.3697],[100.0028,16.4131],[100.0331,16.5006],[100.0058,16.5558],[99.918,16.5833],[99.8903,16.6386],[99.9044,16.688],[99.855,16.7369],[99.6866,16.7336],[99.5553,16.8147],[99.5425,16.8608],[99.4947,16.8886],[99.3789,16.8647],[99.3458,16.8878],[99.3289,16.8542],[99.3269,16.8103],[99.2958,16.7847],[99.2989,16.7239],[99.2814,16.7036],[99.275,16.6744],[99.2461,16.6467],[99.2561,16.5756],[99.245,16.5456],[99.2255,16.5322],[99.1761,16.5258],[99.1642,16.5044],[99.103,16.4717],[99.053,16.48],[99.0221,16.4746],[99.0009,16.4993],[98.9844,16.489],[98.994,16.4542],[99.0106,16.4493],[99.0219,16.4272],[99.0149,16.3868],[99.0417,16.3749],[99.0414,16.3398],[99.0513,16.3342],[99.0542,16.3092],[99.042,16.2903],[99.049,16.2574],[99.083,16.2125],[99.0672,16.1648],[99.0509,16.1614],[99.0509,16.1359],[99.0763,16.1286],[99.0935,16.1042],[99.1061,16.1034],[99.118,16.0718],[99.1067,16.0493],[99.0878,16.0419],[99.0825,16.0083],[99.0883,15.9755],[99.0756,15.9567],[99.098,15.9297],[99.0876,15.9154],[99.089,15.8875],[99.0961,15.8846],[99.1291,15.9143],[99.1485,15.9107],[99.1723,15.9372],[99.1861,15.9285],[99.1941,15.9454],[99.2045,15.9363],[99.2086,15.9484],[99.2897,15.8917],[99.2896,15.9046],[99.3104,15.9049],[99.32,15.9275],[99.3302,15.9115],[99.3577,15.9269],[99.4051,15.91],[99.4256,15.9209],[99.4309,15.9095],[99.4663,15.9008],[99.4773,15.9023],[99.4793,15.9222],[99.5374,15.9249],[99.5565,15.9064],[99.5781,15.9054],[99.6139,15.8811],[99.6397,15.8114],[99.6678,15.7825],[99.7305,15.8264],[99.763,15.8917],[99.7614,15.9206],[99.8114,16.0058],[99.8941,16.0772],[99.8997,16.1289],[99.9469,16.2217],[99.945,16.2847],[99.9944,16.3378]]]}},{"type":"Feature","properties":{"iso":"TH-52","name_en":"Lampang Province","label_lon":99.5485,"label_lat":18.3415},"geometry":{"type":"Polygon","coordinates":[[[99.6969,19.3497],[99.6858,19.4506],[99.6714,19.4642],[99.6542,19.4636],[99.6447,19.5036],[99.6158,19.505],[99.5872,19.4686],[99.5697,19.4028],[99.5839,19.3664],[99.5822,19.2956],[99.5697,19.2583],[99.555,19.245],[99.5353,19.1633],[99.5597,19.1396],[99.5367,19.1069],[99.5389,19.084],[99.5264,19.0744],[99.4831,19.069],[99.437,19.0079],[99.4013,19.0],[99.3721,18.9812],[99.3853,18.9473],[99.3777,18.919],[99.3906,18.883],[99.3713,18.8549],[99.3516,18.8458],[99.3667,18.7619],[99.3303,18.6864],[99.3425,18.6572],[99.3211,18.6317],[99.3564,18.6061],[99.3472,18.5794],[99.3279,18.5702],[99.328,18.5433],[99.3147,18.5297],[99.313,18.5042],[99.3017,18.4919],[99.2603,18.4947],[99.2397,18.4822],[99.228,18.4472],[99.1628,18.3667],[99.1461,18.3164],[99.1208,18.3075],[99.1053,18.2694],[99.0842,18.2786],[99.0719,18.2669],[99.0308,18.2622],[99.0142,18.25],[99.0578,18.1356],[99.0628,18.0558],[99.0947,17.9917],[99.0914,17.9533],[99.1103,17.9392],[99.1103,17.915],[99.138,17.9044],[99.1817,17.8544],[99.1739,17.8436],[99.1589,17.8458],[99.1683,17.8131],[99.1328,17.8169],[99.1072,17.8092],[99.1241,17.7697],[99.0806,17.7289],[99.0819,17.6981],[99.0603,17.6819],[99.06,17.6372],[99.05,17.6144],[99.0133,17.6097],[98.9844,17.6364],[98.9366,17.6442],[98.905,17.6435],[98.8795,17.6114],[98.8875,17.5895],[98.9082,17.5743],[98.9088,17.5383],[98.9249,17.522],[98.9328,17.4723],[99.0225,17.47],[99.0056,17.4208],[99.0389,17.3842],[99.1726,17.3358],[99.1749,17.3473],[99.2011,17.3628],[99.218,17.3958],[99.2664,17.3981],[99.2705,17.3444],[99.3022,17.2747],[99.3394,17.2669],[99.3678,17.2308],[99.373,17.2097],[99.3892,17.2022],[99.4436,17.2281],[99.4575,17.2542],[99.4594,17.3044],[99.4772,17.3203],[99.4775,17.3578],[99.4336,17.3892],[99.4297,17.4025],[99.4422,17.4281],[99.4089,17.4644],[99.4175,17.5072],[99.4397,17.5269],[99.435,17.5525],[99.4183,17.5644],[99.42,17.5914],[99.4283,17.6017],[99.4556,17.5997],[99.4497,17.6375],[99.4775,17.6711],[99.4808,17.7094],[99.4733,17.7289],[99.4489,17.7014],[99.4239,17.7039],[99.3878,17.6789],[99.3628,17.6767],[99.315,17.7319],[99.3125,17.77],[99.375,17.7789],[99.4214,17.8447],[99.51,17.9392],[99.5883,18.0008],[99.598,18.0333],[99.6128,18.0369],[99.6441,18.0217],[99.7014,18.0636],[99.7216,18.0664],[99.7378,18.1017],[99.7614,18.1161],[99.7611,18.1458],[99.8139,18.2208],[99.8408,18.2403],[99.8644,18.2736],[99.9144,18.2931],[99.9647,18.3797],[100.005,18.405],[100.0169,18.4408],[100.0525,18.4897],[100.0619,18.5528],[100.1189,18.5714],[100.1105,18.5906],[100.1195,18.6054],[100.0997,18.6299],[100.1124,18.6698],[100.0978,18.7314],[100.1019,18.7534],[100.1255,18.7861],[100.1202,18.7982],[100.0877,18.8276],[100.0659,18.8167],[100.0644,18.88],[100.0397,18.8983],[99.9929,18.9086],[99.9069,18.9831],[99.8757,18.9986],[99.8386,18.9997],[99.8301,19.0088],[99.8349,19.0268],[99.8208,19.042],[99.7743,19.0641],[99.7586,19.1339],[99.7263,19.1701],[99.706,19.2403],[99.7019,19.314],[99.7092,19.3386],[99.6969,19.3497]]]}},{"type":"Feature","properties":{"iso":"TH-12","name_en":"Nonthaburi Province","label_lon":100.3833,"label_lat":13.9657},"geometry":{"type":"Polygon","coordinates":[[[100.5676,13.9514],[100.5394,13.9557],[100.5019,13.9361],[100.4579,13.9777],[100.4526,13.9679],[100.4348,13.9812],[100.3647,13.9923],[100.3316,14.0563],[100.3446,14.1166],[100.3306,14.1334],[100.3039,14.1403],[100.2911,14.1402],[100.2796,14.1265],[100.2761,14.0801],[100.2641,14.0601],[100.277,14.0236],[100.2695,14.0231],[100.2624,13.9981],[100.2983,13.9634],[100.2655,13.9207],[100.3279,13.8042],[100.4589,13.7983],[100.4697,13.7947],[100.4663,13.7892],[100.5011,13.801],[100.5148,13.8134],[100.5063,13.8165],[100.5093,13.8255],[100.5437,13.8497],[100.5676,13.9514]]]}},{"type":"Feature","properties":{"iso":"TH-38","name_en":"Bueng Kan Province","label_lon":103.7378,"label_lat":18.0897},"geometry":{"type":"Polygon","coordinates":[[[103.3997,17.9861],[103.4327,17.9783],[103.433,17.99],[103.4553,17.9922],[103.4764,18.0114],[103.4755,18.0447],[103.5067,18.0639],[103.5386,18.0628],[103.5761,18.0383],[103.5855,18.0447],[103.6094,18.0153],[103.6383,18.0069],[103.6186,17.9983],[103.6205,17.9711],[103.6397,17.9556],[103.6583,17.9631],[103.6655,17.9408],[103.6861,17.9478],[103.7422,17.9089],[103.7492,17.9375],[103.7617,17.9486],[103.7586,17.923],[103.7761,17.9239],[103.7781,17.8942],[103.76,17.8719],[103.7905,17.8408],[103.8061,17.8456],[103.7969,17.8703],[103.8272,17.8639],[103.8516,17.8769],[103.8661,17.8553],[103.8817,17.8719],[103.9005,17.8764],[103.8961,17.8422],[103.92,17.8517],[103.9197,17.8122],[103.9347,17.8022],[103.9372,17.7831],[103.9628,17.7781],[103.9686,17.7653],[103.9939,17.7814],[103.9928,17.7983],[104.0103,17.801],[104.0161,17.8158],[103.9864,17.8647],[104.0,17.9194],[104.0441,17.9347],[104.0694,17.88],[104.11,17.8622],[104.113,17.8847],[104.1347,17.9094],[104.1325,17.9556],[104.1161,17.9764],[104.1194,17.9955],[104.1683,17.9981],[104.1811,18.0039],[104.1879,18.0248],[104.1053,18.1154],[104.0606,18.2186],[103.973,18.3369],[103.9292,18.3304],[103.8859,18.2938],[103.8581,18.2838],[103.8341,18.3278],[103.8181,18.3383],[103.6976,18.3432],[103.6105,18.4032],[103.5693,18.4054],[103.5242,18.4256],[103.4572,18.4249],[103.4057,18.4486],[103.307,18.4315],[103.2465,18.3705],[103.2436,18.3541],[103.2523,18.3378],[103.2974,18.3154],[103.2953,18.2744],[103.2587,18.2622],[103.3997,17.9861]]]}},{"type":"Feature","properties":{"iso":"TH-96","name_en":"Narathiwat Province","label_lon":101.7384,"label_lat":6.1731},"geometry":{"type":"Polygon","coordinates":[[[101.5023,5.8897],[101.5137,5.9032],[101.524,5.8988],[101.5405,5.919],[101.5591,5.919],[101.5818,5.9344],[101.5982,5.9119],[101.6154,5.9109],[101.6233,5.8771],[101.6593,5.8747],[101.6583,5.8125],[101.6649,5.814],[101.6727,5.7869],[101.6879,5.7819],[101.6913,5.7551],[101.7144,5.7634],[101.7181,5.7878],[101.7226,5.7803],[101.7392,5.7825],[101.7541,5.797],[101.7761,5.7845],[101.7754,5.769],[101.7897,5.7534],[101.8244,5.7331],[101.8187,5.7555],[101.8364,5.7893],[101.8664,5.7907],[101.8609,5.8],[101.881,5.8102],[101.8843,5.8377],[101.8958,5.8457],[101.9172,5.8427],[101.944,5.872],[101.9214,5.9182],[101.9297,5.9493],[101.9446,5.955],[101.9398,5.9728],[101.9481,5.9908],[101.9723,6.0055],[101.978,6.0311],[102.0539,6.08],[102.093,6.146],[102.0774,6.1904],[102.0913,6.2442],[101.9525,6.338],[101.8741,6.4248],[101.854,6.4285],[101.8338,6.4509],[101.8149,6.4533],[101.7266,6.5751],[101.68,6.5739],[101.6616,6.6183],[101.6331,6.6364],[101.6269,6.6246],[101.6237,6.6334],[101.5932,6.6253],[101.578,6.6067],[101.5797,6.5961],[101.6087,6.5835],[101.6114,6.5671],[101.6016,6.5554],[101.6169,6.5386],[101.5514,6.4683],[101.5433,6.4444],[101.4397,6.4217],[101.4139,6.3164],[101.4038,6.2225],[101.3797,6.2064],[101.4003,6.1558],[101.4336,6.1339],[101.4505,6.0842],[101.4866,6.0525],[101.4827,5.9831],[101.5011,5.9467],[101.4944,5.9044],[101.5023,5.8897]]]}},{"type":"Feature","properties":{"iso":"TH-34","name_en":"Ubon Ratchathani Province","label_lon":105.1061,"label_lat":15.1557},"geometry":{"type":"Polygon","coordinates":[[[104.9073,14.3994],[104.9221,14.4015],[104.9504,14.3814],[104.9725,14.3923],[104.9944,14.3797],[105.0027,14.362],[104.9845,14.3183],[105.0266,14.2648],[105.0228,14.2413],[105.0462,14.2272],[105.0502,14.2149],[105.0825,14.2096],[105.1091,14.2142],[105.1465,14.2422],[105.1541,14.2547],[105.1436,14.2595],[105.1533,14.269],[105.1514,14.2849],[105.1767,14.3147],[105.1672,14.3284],[105.1758,14.3455],[105.198,14.3485],[105.2282,14.3335],[105.2513,14.3616],[105.2793,14.3533],[105.2839,14.3658],[105.3035,14.3661],[105.3203,14.3975],[105.3424,14.3843],[105.3721,14.3993],[105.3867,14.3961],[105.387,14.4106],[105.4005,14.4097],[105.4075,14.429],[105.4291,14.4161],[105.4877,14.5006],[105.4807,14.5063],[105.5006,14.5127],[105.5167,14.5384],[105.5264,14.5361],[105.5241,14.5514],[105.5348,14.5579],[105.5289,14.5718],[105.5388,14.5835],[105.5301,14.6086],[105.5423,14.6198],[105.5299,14.6232],[105.5282,14.6472],[105.5175,14.6521],[105.5275,14.6794],[105.5152,14.6963],[105.5248,14.7041],[105.5199,14.7271],[105.5466,14.7314],[105.5126,14.7532],[105.5141,14.7734],[105.5251,14.7824],[105.5112,14.7991],[105.5193,14.8231],[105.5371,14.8195],[105.5599,14.8396],[105.5427,14.8623],[105.5492,14.8749],[105.58,14.8789],[105.5582,14.9241],[105.5453,14.9264],[105.5522,14.9503],[105.5672,14.9557],[105.5832,14.9413],[105.5947,14.9621],[105.6242,14.9757],[105.6062,14.993],[105.5748,14.9983],[105.5719,15.0214],[105.547,15.0384],[105.5542,15.0637],[105.5134,15.0634],[105.5153,15.0846],[105.4796,15.0995],[105.4827,15.1119],[105.4665,15.1308],[105.4864,15.1502],[105.4695,15.1592],[105.4787,15.1679],[105.4761,15.1802],[105.4953,15.1931],[105.4944,15.2047],[105.5398,15.2521],[105.5565,15.2486],[105.5605,15.2622],[105.579,15.2585],[105.591,15.2712],[105.5849,15.3145],[105.5746,15.329],[105.4962,15.3207],[105.4674,15.3477],[105.4941,15.3864],[105.5613,15.3986],[105.5889,15.4205],[105.6026,15.4786],[105.5928,15.5099],[105.6249,15.5635],[105.6347,15.6626],[105.5959,15.7245],[105.504,15.7672],[105.4666,15.7456],[105.4355,15.7543],[105.4196,15.7894],[105.3943,15.8024],[105.386,15.8366],[105.3422,15.9222],[105.3769,15.9835],[105.4251,15.9907],[105.4179,16.0121],[105.2111,16.0496],[105.06,16.0979],[105.0047,16.0198],[105.023,15.977],[104.9649,15.8579],[104.9578,15.7911],[104.9026,15.7577],[104.8925,15.653],[104.9298,15.6409],[104.9276,15.6074],[104.8911,15.5782],[104.8845,15.5574],[104.7401,15.6562],[104.6356,15.6876],[104.6046,15.6721],[104.6277,15.6558],[104.5825,15.6043],[104.5855,15.5674],[104.5471,15.5502],[104.52,15.5589],[104.4917,15.5311],[104.4031,15.5292],[104.4003,15.4778],[104.3839,15.4406],[104.3875,15.3931],[104.42,15.3683],[104.4314,15.3817],[104.4372,15.3753],[104.435,15.3531],[104.443,15.3447],[104.4181,15.2847],[104.4678,15.2592],[104.5019,15.2592],[104.5328,15.2464],[104.5519,15.2506],[104.5775,15.2378],[104.6011,15.2556],[104.6478,15.2508],[104.6628,15.2356],[104.6681,15.2569],[104.6836,15.2356],[104.6961,15.2333],[104.6886,15.2139],[104.7158,15.1886],[104.7044,15.1783],[104.7078,15.1694],[104.7375,15.1683],[104.7358,15.1522],[104.7203,15.1389],[104.6879,15.1373],[104.6983,15.0611],[104.6891,15.0278],[104.6933,14.9753],[104.6977,14.9572],[104.7242,14.9275],[104.7661,14.9206],[104.8136,14.8919],[104.8331,14.8483],[104.8178,14.8358],[104.8158,14.8122],[104.8661,14.7169],[104.8958,14.6997],[104.9175,14.6486],[104.8869,14.6614],[104.8603,14.6503],[104.8311,14.5522],[104.8608,14.5219],[104.8736,14.4933],[104.8547,14.4406],[104.895,14.4403],[104.9164,14.4108],[104.9073,14.3994]]]}},{"type":"Feature","properties":{"iso":"TH-77","name_en":"Prachuap Khiri Khan Province","label_lon":99.7252,"label_lat":11.7932},"geometry":{"type":"MultiPolygon","coordinates":[[[[99.5457,11.0681],[99.5618,11.0716],[99.5643,11.0846],[99.556,11.0735],[99.5457,11.0681]]],[[[99.5219,12.5858],[99.4282,12.5793],[99.4355,12.5654],[99.4215,12.5519],[99.4252,12.4914],[99.4061,12.4809],[99.401,12.4599],[99.425,12.4484],[99.4268,12.4243],[99.4459,12.4071],[99.4322,12.3641],[99.4438,12.3512],[99.4338,12.3428],[99.4463,12.3317],[99.4614,12.2864],[99.4845,12.2738],[99.471,12.2347],[99.4964,12.1975],[99.4869,12.1657],[99.4728,12.1577],[99.4733,12.1316],[99.4953,12.1301],[99.5007,12.1438],[99.5152,12.1477],[99.5713,12.1445],[99.5556,12.1139],[99.5562,12.0946],[99.5341,12.066],[99.5365,12.0169],[99.5749,12.0076],[99.5922,11.9925],[99.5932,11.955],[99.5795,11.9437],[99.588,11.8722],[99.5999,11.8789],[99.61,11.8685],[99.6252,11.8496],[99.622,11.8331],[99.6649,11.8231],[99.6411,11.7898],[99.6363,11.7272],[99.619,11.7224],[99.5881,11.6885],[99.5864,11.6604],[99.5655,11.6267],[99.5312,11.6209],[99.5078,11.6366],[99.4678,11.6151],[99.4584,11.5837],[99.4744,11.5332],[99.4486,11.5046],[99.4443,11.4803],[99.4221,11.4817],[99.4099,11.4646],[99.3937,11.4612],[99.4022,11.3889],[99.3657,11.3716],[99.3444,11.3483],[99.3421,11.333],[99.3278,11.3362],[99.3124,11.3164],[99.3246,11.2822],[99.2636,11.2148],[99.2545,11.1694],[99.2257,11.1421],[99.2284,11.1121],[99.1794,11.083],[99.172,11.0445],[99.1434,11.03],[99.1472,11.0094],[99.1614,11.0],[99.2255,10.975],[99.2353,10.9628],[99.2711,10.9561],[99.3191,10.967],[99.335,10.9556],[99.3719,10.9639],[99.4042,10.9536],[99.4758,10.9972],[99.5032,10.9905],[99.4889,11.1425],[99.5251,11.1989],[99.5552,11.2053],[99.5667,11.1831],[99.579,11.2068],[99.5839,11.2006],[99.579,11.2073],[99.5848,11.1995],[99.5534,11.2558],[99.5539,11.3147],[99.5691,11.3533],[99.581,11.3573],[99.6387,11.518],[99.7312,11.6887],[99.7893,11.7443],[99.8112,11.738],[99.7956,11.7708],[99.8046,11.7833],[99.8136,11.7842],[99.8132,11.7768],[99.8184,11.7844],[99.8025,11.7965],[99.7985,11.8177],[99.8165,11.8388],[99.8334,11.8312],[99.8257,11.8656],[99.8166,11.865],[99.812,11.8802],[99.8424,11.9611],[99.9419,12.0808],[99.9629,12.087],[99.9613,12.1107],[99.9752,12.1468],[100.0199,12.1888],[99.9747,12.2646],[99.9874,12.3178],[100.0032,12.3363],[99.9952,12.4142],[99.9798,12.4314],[99.9748,12.4994],[99.9852,12.514],[99.9573,12.5787],[99.9558,12.6341],[99.8853,12.6231],[99.8208,12.6299],[99.7622,12.5814],[99.6789,12.5792],[99.618,12.5425],[99.5939,12.545],[99.5753,12.5722],[99.5219,12.5858]]]]}},{"type":"Feature","properties":{"iso":"TH-90","name_en":"Songkhla Province","label_lon":100.3587,"label_lat":7.1126},"geometry":{"type":"Polygon","coordinates":[[[101.1011,6.6378],[101.0625,6.6533],[101.0564,6.7008],[101.0361,6.7392],[101.0427,6.8097],[101.0637,6.8546],[101.0068,6.8553],[100.9817,6.8653],[100.9345,6.8891],[100.8489,6.9622],[100.8097,6.9542],[100.7741,6.9776],[100.7331,7.0211],[100.5969,7.2155],[100.5804,7.2309],[100.5746,7.2212],[100.5753,7.2302],[100.5663,7.2279],[100.5078,7.3181],[100.4441,7.4801],[100.334,7.9358],[100.2897,7.93],[100.2497,7.9056],[100.1491,7.8714],[100.1293,7.8015],[100.1691,7.795],[100.1794,7.7802],[100.2043,7.7711],[100.2546,7.5066],[100.2656,7.4901],[100.3009,7.489],[100.3506,7.5309],[100.3782,7.5243],[100.3947,7.4934],[100.4054,7.375],[100.4286,7.3069],[100.428,7.2839],[100.4049,7.2632],[100.3842,7.2777],[100.3767,7.3084],[100.3497,7.2794],[100.3386,7.2444],[100.2961,7.2333],[100.2833,7.205],[100.233,7.2014],[100.1847,7.1775],[100.1472,7.1781],[100.0664,7.1336],[100.0305,7.0916],[100.0677,7.0394],[100.0811,6.9747],[100.1219,6.9294],[100.1902,6.9075],[100.2172,6.8797],[100.2197,6.8653],[100.1916,6.7978],[100.2116,6.7503],[100.2043,6.7236],[100.2186,6.7024],[100.2404,6.6921],[100.2575,6.7114],[100.265,6.6989],[100.293,6.7078],[100.2943,6.6798],[100.3275,6.6641],[100.3162,6.6366],[100.326,6.6214],[100.3052,6.6052],[100.3515,6.5729],[100.3659,6.5401],[100.4021,6.5364],[100.4182,6.5187],[100.4568,6.5318],[100.4705,6.5204],[100.4902,6.5255],[100.4938,6.5086],[100.5188,6.4886],[100.5483,6.4845],[100.5625,6.496],[100.6178,6.4598],[100.6463,6.4584],[100.6426,6.45],[100.6521,6.4426],[100.7094,6.4709],[100.7386,6.5104],[100.7532,6.4578],[100.7765,6.463],[100.8126,6.4422],[100.8239,6.4069],[100.8218,6.3565],[100.8491,6.3146],[100.8417,6.3018],[100.8669,6.2894],[100.9078,6.3036],[100.925,6.32],[100.9214,6.3881],[100.9383,6.4408],[100.9811,6.4739],[101.0303,6.4769],[101.0589,6.5456],[101.0803,6.5481],[101.1091,6.5967],[101.1011,6.6378]]]}},{"type":"Feature","properties":{"iso":"TH-83","name_en":"Phuket Province","label_lon":98.3338,"label_lat":7.9817},"geometry":{"type":"MultiPolygon","coordinates":[[[[98.3317,7.5204],[98.3159,7.5012],[98.3199,7.4887],[98.332,7.5091],[98.3317,7.5204]]],[[[98.3761,7.6172],[98.3652,7.6156],[98.3673,7.6071],[98.3549,7.6036],[98.3562,7.5887],[98.3753,7.6006],[98.3761,7.6172]]],[[[98.358,7.7345],[98.3856,7.7451],[98.368,7.7483],[98.3575,7.7381],[98.358,7.7345]]],[[[98.4573,8.0604],[98.4668,8.039],[98.4703,8.0393],[98.4675,8.0618],[98.4573,8.0604]]],[[[98.4374,7.9134],[98.4285,7.8967],[98.4185,7.8948],[98.4178,7.8939],[98.4194,7.8918],[98.4196,7.8866],[98.4141,7.8864],[98.4203,7.8783],[98.4166,7.8693],[98.4247,7.8751],[98.4386,7.8661],[98.4297,7.8747],[98.4451,7.8832],[98.4374,7.9134]]],[[[98.4376,7.945],[98.4171,7.9433],[98.4165,7.9299],[98.4322,7.9263],[98.4376,7.945]]],[[[98.3647,7.795],[98.362,7.7806],[98.3896,7.7803],[98.3794,7.795],[98.3647,7.795]]],[[[98.4374,8.0933],[98.4259,8.1009],[98.407,8.0801],[98.3861,8.0853],[98.3731,8.1189],[98.3516,8.1109],[98.3515,8.1257],[98.3457,8.1157],[98.3371,8.1726],[98.2855,8.1997],[98.3017,8.1092],[98.2967,8.0886],[98.2704,8.0714],[98.2775,8.0569],[98.2722,8.0383],[98.2859,8.0348],[98.2924,8.0014],[98.2848,7.9847],[98.2704,7.987],[98.2821,7.9531],[98.2624,7.9485],[98.258,7.9356],[98.2621,7.9234],[98.2756,7.9244],[98.2966,7.9088],[98.2898,7.8866],[98.2642,7.8932],[98.261,7.8858],[98.2902,7.8559],[98.2989,7.8043],[98.2847,7.7879],[98.2882,7.7757],[98.3078,7.7747],[98.3029,7.7584],[98.3374,7.7775],[98.3331,7.7886],[98.3458,7.8238],[98.3663,7.8392],[98.376,7.8422],[98.3891,7.8054],[98.395,7.8143],[98.4125,7.8015],[98.4008,7.8242],[98.4104,7.8375],[98.3973,7.8382],[98.3917,7.852],[98.4021,7.8628],[98.3979,7.8707],[98.4097,7.8782],[98.4144,7.8714],[98.4136,7.8864],[98.4182,7.8948],[98.4259,7.8967],[98.4175,7.8975],[98.4132,7.9269],[98.3961,7.9503],[98.3931,7.9787],[98.4024,7.991],[98.426,7.9873],[98.4087,8.0095],[98.4168,8.0481],[98.4327,8.0402],[98.4321,8.061],[98.4433,8.0658],[98.4343,8.0755],[98.4374,8.0933]]]]}},{"type":"Feature","properties":{"iso":"TH-15","name_en":"Ang Thong Province","label_lon":100.3636,"label_lat":14.6322},"geometry":{"type":"Polygon","coordinates":[[[100.2317,14.7894],[100.2097,14.7544],[100.2214,14.7075],[100.2136,14.6828],[100.2266,14.655],[100.2022,14.6094],[100.2189,14.5886],[100.195,14.5658],[100.2172,14.5103],[100.2408,14.4872],[100.2539,14.4864],[100.2964,14.4983],[100.3714,14.495],[100.4144,14.51],[100.4244,14.4964],[100.4272,14.4439],[100.4714,14.4381],[100.5031,14.4569],[100.5086,14.4981],[100.4894,14.5653],[100.5028,14.5842],[100.5181,14.6569],[100.5155,14.6858],[100.4769,14.7248],[100.4278,14.7289],[100.4133,14.7517],[100.3914,14.7467],[100.3569,14.7667],[100.3364,14.7975],[100.2972,14.7842],[100.2739,14.7986],[100.2317,14.7894]]]}},{"type":"Feature","properties":{"iso":"TH-44","name_en":"Maha Sarakham Province","label_lon":103.1918,"label_lat":16.02},"geometry":{"type":"Polygon","coordinates":[[[103.5111,16.1983],[103.4758,16.2053],[103.4508,16.188],[103.4414,16.2242],[103.4271,16.2314],[103.4197,16.2814],[103.3925,16.2875],[103.3708,16.3081],[103.3464,16.3603],[103.3108,16.3672],[103.3008,16.4056],[103.2764,16.3778],[103.2061,16.3606],[103.1841,16.3667],[103.1775,16.3989],[103.1977,16.4392],[103.1753,16.4858],[103.1955,16.5497],[103.1805,16.6017],[103.2014,16.6228],[103.2003,16.6375],[103.1625,16.6434],[103.1647,16.615],[103.1336,16.5894],[103.1275,16.5564],[103.0811,16.5044],[103.0453,16.4964],[103.0117,16.4644],[102.9357,16.4436],[102.9583,16.4203],[102.9564,16.3972],[102.9405,16.3883],[102.8991,16.3139],[102.8614,16.2856],[102.8483,16.2608],[102.8716,16.1217],[102.8575,16.08],[102.8669,16.0431],[102.8989,16.0278],[102.8986,16.0122],[102.9144,15.9906],[102.9053,15.9286],[102.9405,15.8581],[102.9358,15.8197],[102.9464,15.7892],[103.0079,15.7012],[103.005,15.6848],[102.9758,15.671],[102.9745,15.6608],[103.0127,15.6287],[103.0259,15.6004],[103.0528,15.5927],[103.046,15.5644],[103.0906,15.5334],[103.0748,15.5129],[103.0787,15.4934],[103.2154,15.4613],[103.2246,15.4485],[103.2506,15.4485],[103.2695,15.4233],[103.3412,15.4059],[103.4197,15.4467],[103.4405,15.52],[103.4125,15.5342],[103.3803,15.525],[103.323,15.5617],[103.3172,15.5864],[103.2953,15.6058],[103.3141,15.6242],[103.3544,15.7019],[103.3858,15.7117],[103.423,15.7056],[103.4397,15.7172],[103.4597,15.8406],[103.4972,15.9267],[103.4822,15.9789],[103.4858,16.0369],[103.4678,16.0739],[103.4686,16.1183],[103.5111,16.1983]]]}},{"type":"Feature","properties":{"iso":"TH-92","name_en":"Trang Province","label_lon":99.5688,"label_lat":7.5281},"geometry":{"type":"MultiPolygon","coordinates":[[[[99.3151,7.3746],[99.2981,7.39],[99.2805,7.3871],[99.2836,7.3655],[99.2972,7.3535],[99.3151,7.3746]]],[[[99.4499,7.2556],[99.4269,7.2657],[99.3984,7.2634],[99.3854,7.2803],[99.3677,7.2623],[99.3651,7.2234],[99.3889,7.2069],[99.4087,7.2414],[99.4499,7.2556]]],[[[99.2476,7.3319],[99.2519,7.302],[99.2552,7.2975],[99.26,7.308],[99.2476,7.3319]]],[[[100.0464,7.0633],[99.9666,7.1697],[99.9628,7.1989],[99.9389,7.2475],[99.9503,7.2717],[99.9441,7.2961],[99.9111,7.3314],[99.9047,7.365],[99.8844,7.3814],[99.8853,7.4147],[99.8541,7.4697],[99.8566,7.4828],[99.8278,7.5125],[99.8292,7.5469],[99.7958,7.5953],[99.7969,7.6394],[99.8197,7.6531],[99.8236,7.6675],[99.7961,7.6994],[99.7878,7.7572],[99.7703,7.7719],[99.7497,7.8453],[99.7353,7.8589],[99.7294,7.9025],[99.7408,7.9186],[99.748,7.9778],[99.7269,7.9933],[99.6086,7.9814],[99.5947,7.9544],[99.57,7.9383],[99.545,7.9033],[99.5403,7.8778],[99.5108,7.8706],[99.4714,7.8897],[99.4005,7.8897],[99.3714,7.9369],[99.338,7.9431],[99.3436,7.9042],[99.2917,7.8467],[99.343,7.7406],[99.3184,7.7197],[99.308,7.6892],[99.2635,7.6636],[99.2531,7.6295],[99.2327,7.6326],[99.2612,7.6165],[99.2787,7.6313],[99.2781,7.6004],[99.3146,7.5383],[99.3037,7.5179],[99.2842,7.5164],[99.2968,7.4976],[99.3084,7.5133],[99.3265,7.4959],[99.3462,7.4436],[99.3455,7.4157],[99.3369,7.4107],[99.3491,7.4025],[99.3378,7.3795],[99.3611,7.36],[99.3947,7.3075],[99.4066,7.3171],[99.4193,7.298],[99.4711,7.2855],[99.4854,7.295],[99.4905,7.3123],[99.5266,7.2963],[99.5341,7.2834],[99.5221,7.2495],[99.5585,7.2085],[99.5852,7.147],[99.599,7.1563],[99.607,7.1365],[99.6546,7.1793],[99.67,7.1306],[99.6655,7.1153],[99.7035,7.134],[99.7758,7.1272],[99.8197,7.1461],[99.8314,7.1011],[99.8566,7.0725],[99.8775,7.0656],[99.8955,7.0792],[99.9183,7.1389],[99.9261,7.1406],[99.9989,7.0597],[100.0464,7.0633]]]]}},{"type":"Feature","properties":{"iso":"TH-72","name_en":"Suphan Buri Province","label_lon":100.0407,"label_lat":14.5753},"geometry":{"type":"Polygon","coordinates":[[[99.2865,14.9924],[99.3213,14.9473],[99.3194,14.9211],[99.3071,14.9058],[99.3142,14.8843],[99.2752,14.8758],[99.2788,14.8568],[99.294,14.8349],[99.328,14.8294],[99.3705,14.7658],[99.41,14.7758],[99.4378,14.7658],[99.4497,14.7453],[99.4333,14.7211],[99.4611,14.6883],[99.505,14.6997],[99.5272,14.725],[99.5436,14.7969],[99.6,14.7844],[99.6283,14.8025],[99.6625,14.8022],[99.7844,14.6772],[99.8444,14.6578],[99.8708,14.6333],[99.8447,14.6033],[99.8922,14.5583],[99.8289,14.5236],[99.8222,14.5117],[99.8194,14.22],[99.7628,14.1653],[99.7744,14.0956],[99.7892,14.0975],[99.795,14.085],[99.8072,14.0833],[99.8114,14.0617],[99.8728,14.0617],[99.9803,14.145],[100.1575,14.1389],[100.2422,14.1981],[100.2536,14.2189],[100.2536,14.2775],[100.2764,14.3294],[100.2841,14.3956],[100.2572,14.4467],[100.2539,14.4864],[100.2408,14.4872],[100.2172,14.5103],[100.1953,14.5619],[100.2189,14.5886],[100.2022,14.6094],[100.2266,14.655],[100.2136,14.6828],[100.2214,14.7075],[100.2097,14.7544],[100.2317,14.7894],[100.2097,14.8189],[100.23,14.8631],[100.2283,14.9087],[100.2014,14.9061],[100.1914,14.9194],[100.2113,14.955],[100.1464,14.9206],[100.1083,14.9519],[100.048,14.965],[100.0375,14.9178],[99.978,14.9072],[99.8789,14.9194],[99.7755,14.9586],[99.7094,14.9658],[99.6483,14.9942],[99.6267,14.9846],[99.6318,14.9379],[99.5797,14.9494],[99.5103,14.9839],[99.4253,14.9919],[99.4053,15.0369],[99.3517,15.0489],[99.3238,15.0758],[99.3005,15.036],[99.3136,15.0229],[99.2865,14.9924]]]}},{"type":"Feature","properties":{"iso":"TH-17","name_en":"Sing Buri Province","label_lon":100.3216,"label_lat":14.9362},"geometry":{"type":"Polygon","coordinates":[[[100.3091,15.1675],[100.2931,15.1611],[100.2933,15.1258],[100.2729,15.1111],[100.3004,15.0597],[100.2719,15.0514],[100.2639,15.0308],[100.2961,15.0164],[100.3047,14.9961],[100.2733,14.9569],[100.2489,14.9489],[100.2113,14.955],[100.1919,14.9236],[100.2014,14.9061],[100.2283,14.9087],[100.23,14.8631],[100.2097,14.8189],[100.2317,14.7894],[100.2739,14.7986],[100.2972,14.7842],[100.3364,14.7975],[100.3569,14.7667],[100.3714,14.765],[100.3875,14.7481],[100.4133,14.7517],[100.4278,14.7289],[100.4769,14.7248],[100.4936,14.7494],[100.4828,14.7708],[100.4825,14.8122],[100.4747,14.8411],[100.4466,14.8683],[100.4327,14.9186],[100.4608,14.9647],[100.4489,15.0322],[100.4339,15.0453],[100.4427,15.0603],[100.3705,15.0878],[100.3503,15.1222],[100.3492,15.155],[100.3091,15.1675]]]}},{"type":"Feature","properties":{"iso":"TH-75","name_en":"Samut Songkhram Province","label_lon":99.9552,"label_lat":13.3805},"geometry":{"type":"Polygon","coordinates":[[[99.952,13.2898],[99.9516,13.3082],[99.9785,13.316],[100.035,13.3721],[100.0476,13.4085],[100.0881,13.4282],[100.0423,13.5032],[100.0103,13.5078],[100.0,13.4947],[99.9744,13.4908],[99.9261,13.5122],[99.9125,13.5064],[99.913,13.4906],[99.8897,13.4481],[99.8928,13.4169],[99.8747,13.3889],[99.8586,13.3283],[99.8658,13.3058],[99.8542,13.2944],[99.8553,13.2692],[99.868,13.2625],[99.873,13.2453],[99.8922,13.2367],[99.9025,13.275],[99.9289,13.2725],[99.952,13.2898]]]}},{"type":"Feature","properties":{"iso":"TH-21","name_en":"Rayong Province","label_lon":101.4439,"label_lat":12.8585},"geometry":{"type":"MultiPolygon","coordinates":[[[[101.4513,12.583],[101.4432,12.5217],[101.4505,12.5541],[101.4702,12.5678],[101.4513,12.583]]],[[[101.6925,13.1339],[101.6378,13.1531],[101.5986,13.1281],[101.5825,13.1292],[101.5747,13.0906],[101.5544,13.0694],[101.5322,13.0639],[101.5039,13.0719],[101.4664,13.0306],[101.4367,13.0422],[101.4019,13.0167],[101.3897,13.0175],[101.323,13.0717],[101.3075,13.0703],[101.2761,13.0456],[101.1927,13.0789],[101.1608,13.0608],[101.18,13.0294],[101.175,13.0206],[101.093,13.0289],[101.0667,13.0036],[101.0903,12.9769],[101.0947,12.9072],[101.0597,12.8722],[101.0575,12.8447],[101.0405,12.8197],[101.0017,12.7942],[101.0,12.7553],[100.9842,12.7111],[100.9914,12.6558],[101.1169,12.6783],[101.1323,12.6752],[101.1326,12.6651],[101.1479,12.6468],[101.1358,12.666],[101.1516,12.6734],[101.1463,12.6666],[101.1572,12.6581],[101.1563,12.6395],[101.1666,12.6395],[101.1666,12.6616],[101.1581,12.6617],[101.158,12.6722],[101.2351,12.6653],[101.2869,12.6539],[101.3008,12.6484],[101.298,12.641],[101.3074,12.6456],[101.3021,12.6349],[101.3081,12.6457],[101.368,12.6201],[101.4185,12.5831],[101.4239,12.6153],[101.4495,12.6309],[101.5565,12.6272],[101.5658,12.6324],[101.5667,12.648],[101.5937,12.6536],[101.6458,12.6423],[101.6694,12.6798],[101.6908,12.6948],[101.748,12.7076],[101.7845,12.6927],[101.7931,12.7014],[101.7894,12.7183],[101.8039,12.7311],[101.8036,12.7503],[101.82,12.7622],[101.8306,12.8378],[101.8267,12.8942],[101.8044,12.8961],[101.7861,12.9508],[101.7531,12.9467],[101.7386,12.9647],[101.7372,12.9831],[101.7528,13.0094],[101.7422,13.0261],[101.7122,13.0344],[101.6853,13.1117],[101.6925,13.1339]]]]}},{"type":"Feature","properties":{"iso":"TH-25","name_en":"Prachin Buri Province","label_lon":101.6508,"label_lat":14.0346},"geometry":{"type":"Polygon","coordinates":[[[101.9878,13.5872],[102.1197,14.1439],[102.0792,14.1603],[101.9622,14.2531],[101.9472,14.2883],[101.9864,14.3525],[101.9822,14.3667],[101.9594,14.3811],[101.928,14.3589],[101.8867,14.395],[101.8697,14.3653],[101.825,14.3547],[101.8044,14.3633],[101.7636,14.3486],[101.7511,14.3133],[101.6547,14.4069],[101.6364,14.4131],[101.6322,14.4267],[101.6008,14.4383],[101.5414,14.4258],[101.5139,14.4358],[101.4908,14.4594],[101.4592,14.4578],[101.4427,14.4417],[101.4441,14.4247],[101.4092,14.4248],[101.4314,14.3889],[101.478,14.3692],[101.5,14.3403],[101.5155,14.3106],[101.5086,14.2717],[101.4347,14.2547],[101.3961,14.2719],[101.3883,14.2186],[101.2969,14.1478],[101.325,14.0833],[101.3214,14.0586],[101.2872,14.05],[101.2686,14.0603],[101.2222,14.0547],[101.1966,14.0192],[101.1327,13.9955],[101.1583,13.9286],[101.1402,13.8779],[101.1564,13.8614],[101.148,13.8494],[101.2214,13.8778],[101.2436,13.8625],[101.2633,13.8714],[101.3586,13.8608],[101.5447,13.7756],[101.56,13.7494],[101.5831,13.7822],[101.5944,13.7847],[101.6269,13.7653],[101.6789,13.7522],[101.6977,13.7608],[101.7028,13.7914],[101.7572,13.8019],[101.7883,13.7731],[101.8139,13.7206],[101.8691,13.7256],[101.88,13.7181],[101.8889,13.6592],[101.9225,13.6314],[101.9164,13.5856],[101.9878,13.5872]]]}},{"type":"Feature","properties":{"iso":"TH-14","name_en":"Phra Nakhon Si Ayutthaya Province","label_lon":100.5252,"label_lat":14.4029},"geometry":{"type":"Polygon","coordinates":[[[100.5939,14.6558],[100.5536,14.6631],[100.5467,14.6786],[100.5255,14.6761],[100.5155,14.6858],[100.5105,14.6769],[100.5181,14.6569],[100.5028,14.5842],[100.4894,14.5653],[100.5086,14.4981],[100.505,14.4606],[100.4714,14.4381],[100.425,14.4467],[100.4244,14.4964],[100.4144,14.51],[100.3714,14.495],[100.2964,14.4983],[100.2539,14.4864],[100.2572,14.4467],[100.2841,14.3956],[100.2764,14.3294],[100.2536,14.2775],[100.2536,14.2189],[100.221,14.1773],[100.2847,14.1636],[100.2796,14.1265],[100.2911,14.1402],[100.3039,14.1403],[100.3306,14.1334],[100.3446,14.1166],[100.4894,14.1094],[100.5249,14.1251],[100.5535,14.1112],[100.555,14.1197],[100.6059,14.1354],[100.8231,14.2456],[100.8208,14.315],[100.7778,14.3242],[100.7917,14.3844],[100.7617,14.4103],[100.7678,14.4869],[100.7486,14.5136],[100.7689,14.5258],[100.7686,14.5653],[100.7066,14.57],[100.6494,14.5489],[100.6044,14.5503],[100.5711,14.5953],[100.5939,14.6558]]]}},{"type":"Feature","properties":{"iso":"TH-66","name_en":"Phichit Province","label_lon":100.3652,"label_lat":16.2539},"geometry":{"type":"Polygon","coordinates":[[[100.755,15.9306],[100.773,15.9783],[100.7669,15.9908],[100.7069,16.03],[100.6272,16.0508],[100.6383,16.0958],[100.6372,16.1581],[100.6994,16.2497],[100.6681,16.3471],[100.5842,16.4214],[100.5792,16.4653],[100.5639,16.4872],[100.5533,16.5311],[100.5178,16.5389],[100.4572,16.5283],[100.4197,16.5381],[100.3433,16.5211],[100.3114,16.5408],[100.2886,16.5261],[100.2492,16.5331],[100.2414,16.5956],[100.225,16.5987],[100.16,16.5594],[100.115,16.5131],[100.032,16.496],[99.9769,16.3619],[100.0219,16.3108],[100.0341,16.2581],[100.0233,16.2328],[100.0389,16.1839],[100.0944,16.1408],[100.0883,16.1181],[100.118,16.0786],[100.1275,16.0325],[100.1678,15.9556],[100.2208,15.9231],[100.2439,15.9303],[100.2636,15.9089],[100.2919,15.9114],[100.2958,15.9364],[100.3153,15.945],[100.4144,15.9231],[100.4658,15.9322],[100.5061,15.9247],[100.6025,15.9525],[100.755,15.9306]]]}},{"type":"Feature","properties":{"iso":"TH-93","name_en":"Phatthalung Province","label_lon":100.0499,"label_lat":7.4995},"geometry":{"type":"Polygon","coordinates":[[[100.1691,7.795],[100.0508,7.8169],[100.0178,7.8483],[100.0039,7.8839],[99.9519,7.9056],[99.9094,7.8903],[99.8122,7.8867],[99.7911,7.8617],[99.7458,7.8581],[99.7442,7.8507],[99.7703,7.7719],[99.7878,7.7572],[99.7961,7.6994],[99.8236,7.6675],[99.8197,7.6531],[99.7969,7.6394],[99.7958,7.5953],[99.8292,7.5469],[99.8278,7.5125],[99.8566,7.4828],[99.8541,7.4697],[99.8853,7.4147],[99.8844,7.3814],[99.9047,7.365],[99.9111,7.3314],[99.9441,7.2961],[99.9503,7.2717],[99.9389,7.2475],[99.9628,7.1989],[99.9666,7.1697],[100.0305,7.0916],[100.0664,7.1336],[100.1472,7.1781],[100.1847,7.1775],[100.233,7.2014],[100.2833,7.205],[100.2961,7.2333],[100.3386,7.2444],[100.3497,7.2794],[100.3767,7.3084],[100.3842,7.2777],[100.4006,7.2625],[100.428,7.2839],[100.3969,7.4228],[100.3914,7.5033],[100.3605,7.5331],[100.3009,7.489],[100.2601,7.4956],[100.2043,7.7711],[100.1794,7.7802],[100.1691,7.795]]]}},{"type":"Feature","properties":{"iso":"TH-82","name_en":"Phangnga Province","label_lon":98.4275,"label_lat":8.7493},"geometry":{"type":"MultiPolygon","coordinates":[[[[98.5792,8.0762],[98.5279,8.1167],[98.5309,8.0918],[98.5462,8.0937],[98.529,8.089],[98.5268,8.096],[98.5246,8.0889],[98.5478,8.0559],[98.5543,8.0271],[98.5545,8.0364],[98.5665,8.0343],[98.5865,8.0113],[98.5782,7.9814],[98.5657,7.9898],[98.5715,7.9749],[98.5649,7.9595],[98.5792,7.8956],[98.581,7.9122],[98.5894,7.915],[98.597,7.8876],[98.6141,7.9637],[98.6002,8.0186],[98.6107,8.0436],[98.5924,8.065],[98.6005,8.0824],[98.5792,8.0762]]],[[[97.6419,8.664],[97.6438,8.6359],[97.6529,8.6286],[97.6509,8.6678],[97.6419,8.664]]],[[[98.3115,8.9097],[98.3051,8.9248],[98.3029,8.9405],[98.2868,8.8955],[98.3115,8.9097]]],[[[98.634,8.1408],[98.6342,8.1872],[98.6005,8.1538],[98.5903,8.1194],[98.5632,8.1175],[98.5877,8.0963],[98.6052,8.1],[98.6089,8.0819],[98.6174,8.0804],[98.6224,8.1304],[98.634,8.1408]]],[[[98.4894,8.3045],[98.4869,8.2846],[98.4982,8.2775],[98.4991,8.296],[98.4894,8.3045]]],[[[97.8628,9.4241],[97.852,9.4113],[97.8404,9.4136],[97.8709,9.3895],[97.8721,9.379],[97.8826,9.3808],[97.8782,9.3974],[97.863,9.4043],[97.8697,9.4124],[97.8628,9.4241]]],[[[97.8852,9.4636],[97.8548,9.4549],[97.8614,9.4361],[97.8468,9.4366],[97.8519,9.4308],[97.8653,9.4316],[97.88,9.4143],[97.8701,9.4412],[97.8787,9.4434],[97.9039,9.4254],[97.8914,9.4426],[97.9011,9.4455],[97.9029,9.4526],[97.8852,9.4636]]],[[[98.2683,8.865],[98.2962,8.9275],[98.2904,8.9495],[98.2989,8.9404],[98.2933,8.958],[98.2948,8.9672],[98.3058,8.9417],[98.3233,8.9877],[98.2653,9.0149],[98.2476,9.0096],[98.2629,8.9538],[98.2487,8.9127],[98.2683,8.865]]],[[[98.5308,9.2964],[98.468,9.3161],[98.4697,9.3325],[98.4372,9.3553],[98.3917,9.3459],[98.3771,9.2913],[98.3607,9.2808],[98.3792,9.2738],[98.3776,9.2666],[98.3682,9.276],[98.3442,9.2387],[98.3663,9.2282],[98.3622,9.2335],[98.3654,9.2371],[98.3687,9.2283],[98.3798,9.2523],[98.3829,9.249],[98.3659,9.2112],[98.3955,9.1799],[98.3721,9.1956],[98.3675,9.1886],[98.3694,9.199],[98.3445,9.2193],[98.338,9.1912],[98.3491,9.1847],[98.3546,9.1779],[98.3447,9.1846],[98.3421,9.1796],[98.3376,9.1771],[98.3335,9.2067],[98.3235,9.2007],[98.3328,9.2179],[98.3271,9.2222],[98.3211,9.2132],[98.3187,9.1795],[98.3467,9.1495],[98.3398,9.1502],[98.3421,9.1164],[98.3496,9.1213],[98.3565,9.1224],[98.3464,9.1129],[98.3594,9.11],[98.3491,9.1069],[98.352,9.0952],[98.3639,9.0976],[98.3639,9.1068],[98.3819,9.1007],[98.3666,9.0954],[98.369,9.0791],[98.3874,9.0947],[98.3987,9.0857],[98.3783,9.0856],[98.3913,9.083],[98.3752,9.0717],[98.3852,9.0568],[98.3648,9.0693],[98.3453,9.0684],[98.318,9.0329],[98.3454,9.003],[98.3873,9.0335],[98.3802,9.0423],[98.3985,9.0344],[98.41,9.0495],[98.4102,9.0343],[98.3957,9.0307],[98.4122,9.0274],[98.4145,9.0264],[98.4158,9.0239],[98.3981,9.0292],[98.4023,9.0196],[98.3902,9.028],[98.381,9.0237],[98.3863,9.0247],[98.3875,9.0236],[98.3809,9.0189],[98.3963,9.0093],[98.4069,8.9949],[98.4074,8.9908],[98.3814,9.0163],[98.3624,9.0023],[98.373,8.9998],[98.36,8.9995],[98.3844,8.9938],[98.3781,8.9927],[98.3832,8.9849],[98.3887,8.9641],[98.3798,8.9683],[98.3877,8.9511],[98.3786,8.967],[98.3792,8.9883],[98.358,8.9871],[98.3703,8.9749],[98.3853,8.9389],[98.3847,8.9198],[98.3909,8.9113],[98.3831,8.9199],[98.3805,8.9411],[98.3777,8.9244],[98.3858,8.9087],[98.368,8.9103],[98.3619,8.9016],[98.3653,8.91],[98.3685,8.9111],[98.3759,8.9098],[98.3796,8.9117],[98.3731,8.9431],[98.3676,8.9495],[98.367,8.9441],[98.3593,8.9329],[98.356,8.918],[98.3521,8.9128],[98.3584,8.9337],[98.3653,8.9494],[98.3638,8.9562],[98.3594,8.9425],[98.3528,8.9626],[98.3492,8.9303],[98.35,8.9654],[98.3335,8.978],[98.3383,8.9655],[98.3306,8.9773],[98.3226,8.9713],[98.3046,8.9308],[98.3235,8.8921],[98.3124,8.905],[98.3009,8.9035],[98.3095,8.8993],[98.2983,8.9007],[98.2813,8.8829],[98.2813,8.8787],[98.2905,8.892],[98.296,8.8937],[98.2799,8.8745],[98.2872,8.8681],[98.2792,8.8727],[98.2631,8.8594],[98.2641,8.8234],[98.2519,8.8092],[98.2613,8.7618],[98.2394,8.7359],[98.2217,8.7367],[98.2363,8.7138],[98.2467,8.6392],[98.23,8.6212],[98.2393,8.5891],[98.2233,8.579],[98.2161,8.5873],[98.2052,8.5531],[98.2776,8.2694],[98.2824,8.2044],[98.3243,8.1965],[98.3358,8.1798],[98.3596,8.1925],[98.3736,8.1393],[98.3867,8.1265],[98.4039,8.1366],[98.4064,8.162],[98.4212,8.158],[98.4272,8.1355],[98.4434,8.151],[98.4359,8.1635],[98.4438,8.1905],[98.4683,8.2199],[98.4647,8.2398],[98.4549,8.2431],[98.4746,8.3444],[98.5071,8.3419],[98.5157,8.3253],[98.57,8.3576],[98.5948,8.3625],[98.5937,8.381],[98.6058,8.3903],[98.6345,8.3747],[98.6573,8.3877],[98.6459,8.4166],[98.6618,8.4236],[98.6712,8.4588],[98.6583,8.4961],[98.6707,8.5299],[98.6589,8.5503],[98.6972,8.5672],[98.7122,8.5883],[98.7103,8.6311],[98.6719,8.6364],[98.66,8.6475],[98.6147,8.62],[98.5911,8.6231],[98.5472,8.6525],[98.5464,8.6631],[98.5705,8.6703],[98.6014,8.7078],[98.6075,8.7914],[98.5728,8.7972],[98.5433,8.8456],[98.5172,8.8564],[98.5047,8.8756],[98.4553,8.8864],[98.4653,8.9158],[98.4533,8.935],[98.4569,8.9547],[98.5167,8.9858],[98.4941,9.0186],[98.4811,9.0636],[98.498,9.0794],[98.4878,9.1228],[98.4917,9.1444],[98.5103,9.1533],[98.5022,9.1847],[98.535,9.2478],[98.5308,9.2964]]],[[[98.3643,8.9745],[98.3502,8.9767],[98.3729,8.9547],[98.3643,8.9745]]],[[[97.8143,9.0616],[97.8178,9.0687],[97.8083,9.0833],[97.8065,9.0699],[97.8143,9.0616]]],[[[98.3056,9.2623],[98.274,9.2049],[98.2638,9.2044],[98.2601,9.1682],[98.2836,9.1792],[98.2946,9.196],[98.2855,9.199],[98.2878,9.2088],[98.3171,9.252],[98.3056,9.2623]]],[[[98.3323,9.0844],[98.327,9.1054],[98.3211,9.0878],[98.3242,9.1153],[98.3124,9.1263],[98.3151,9.1068],[98.3059,9.1088],[98.3114,9.1325],[98.3047,9.142],[98.3007,9.1247],[98.2835,9.1107],[98.2834,9.0922],[98.2793,9.088],[98.2811,9.112],[98.2959,9.1281],[98.2988,9.1512],[98.2872,9.1583],[98.2896,9.1462],[98.2846,9.1431],[98.2826,9.1362],[98.2802,9.1356],[98.2842,9.1579],[98.2914,9.1654],[98.2619,9.1661],[98.2609,9.1378],[98.2494,9.1263],[98.2475,9.0323],[98.2874,9.0287],[98.2734,9.0495],[98.2858,9.0546],[98.2913,9.0356],[98.3028,9.0378],[98.3029,9.0486],[98.3103,9.0485],[98.3002,9.0673],[98.3017,9.0744],[98.3126,9.0498],[98.321,9.062],[98.3151,9.0702],[98.3258,9.0639],[98.3345,9.0766],[98.3249,9.0744],[98.3234,9.0802],[98.3323,9.0844]]]]}},{"type":"Feature","properties":{"iso":"TH-94","name_en":"Pattani Province","label_lon":101.3209,"label_lat":6.7744},"geometry":{"type":"Polygon","coordinates":[[[101.6016,6.5554],[101.6114,6.5671],[101.6087,6.5835],[101.5797,6.5961],[101.578,6.6067],[101.5932,6.6253],[101.6237,6.6334],[101.6269,6.6246],[101.6331,6.6364],[101.6616,6.6183],[101.68,6.5739],[101.7266,6.5751],[101.558,6.8456],[101.5268,6.864],[101.3541,6.9056],[101.3184,6.9348],[101.2818,6.9521],[101.2463,6.9438],[101.236,6.9359],[101.2341,6.9301],[101.2816,6.9472],[101.3014,6.9269],[101.3239,6.9273],[101.33,6.909],[101.3408,6.9114],[101.346,6.8901],[101.3293,6.8727],[101.3086,6.8857],[101.2887,6.878],[101.284,6.8915],[101.2458,6.905],[101.2346,6.9002],[101.2327,6.8839],[101.1898,6.8656],[101.1632,6.8596],[101.1051,6.8639],[101.0987,6.8583],[101.059,6.8585],[101.0579,6.8581],[101.0568,6.8568],[101.0637,6.8546],[101.0427,6.8097],[101.0361,6.7392],[101.0564,6.7008],[101.0594,6.66],[101.1211,6.6292],[101.1505,6.6],[101.2108,6.5942],[101.2341,6.6022],[101.2616,6.625],[101.2922,6.68],[101.3005,6.6744],[101.3052,6.5928],[101.3303,6.5497],[101.4375,6.5756],[101.4566,6.5669],[101.5114,6.5978],[101.5558,6.5431],[101.6016,6.5554]]]}},{"type":"Feature","properties":{"iso":"TH-13","name_en":"Pathum Thani Province","label_lon":100.6258,"label_lat":14.0882},"geometry":{"type":"Polygon","coordinates":[[[100.9141,13.9462],[100.914,14.2215],[100.9467,14.2371],[100.9517,14.2719],[100.8916,14.2436],[100.8916,14.276],[100.6059,14.1354],[100.555,14.1197],[100.5535,14.1112],[100.5249,14.1251],[100.4894,14.1094],[100.3446,14.1166],[100.3323,14.0669],[100.3367,14.0377],[100.3611,13.9945],[100.4348,13.9812],[100.4526,13.9679],[100.4579,13.9777],[100.5019,13.9361],[100.5394,13.9557],[100.6057,13.9441],[100.6044,13.9535],[100.6128,13.9552],[100.6409,13.9314],[100.6898,13.931],[100.6868,13.9163],[100.7527,13.9185],[100.7926,13.9316],[100.9141,13.9462]]]}},{"type":"Feature","properties":{"iso":"TH-80","name_en":"Nakhon Si Thammarat Province","label_lon":99.7041,"label_lat":8.5524},"geometry":{"type":"Polygon","coordinates":[[[99.2444,8.3672],[99.3203,8.2834],[99.3178,8.201],[99.2919,8.1567],[99.3017,8.1189],[99.2841,8.1011],[99.298,8.0614],[99.3317,8.0311],[99.3475,7.9933],[99.3219,7.9589],[99.3431,7.9389],[99.3714,7.9369],[99.3839,7.9056],[99.4069,7.8872],[99.4714,7.8897],[99.5031,7.8708],[99.5403,7.8778],[99.545,7.9033],[99.57,7.9383],[99.5947,7.9544],[99.6058,7.9797],[99.7269,7.9933],[99.7505,7.9714],[99.7394,7.9464],[99.7408,7.9186],[99.7294,7.9025],[99.7353,7.8589],[99.7442,7.8507],[99.7458,7.8581],[99.7911,7.8617],[99.8122,7.8867],[99.9094,7.8903],[99.9519,7.9056],[100.0039,7.8839],[100.0178,7.8483],[100.0508,7.8169],[100.1293,7.8015],[100.1491,7.8714],[100.2497,7.9056],[100.2897,7.93],[100.3361,7.9312],[100.2826,8.2296],[100.2153,8.4413],[100.1704,8.5015],[100.1448,8.5175],[100.114,8.5198],[100.1478,8.509],[100.1639,8.4874],[100.1494,8.4286],[100.1726,8.3885],[100.1378,8.3892],[100.1112,8.4102],[100.0877,8.4142],[100.0295,8.5418],[100.0044,8.5686],[100.0096,8.5777],[99.9878,8.5937],[99.9735,8.59],[99.9605,8.608],[99.9167,8.894],[99.9155,8.99],[99.929,9.0066],[99.9135,9.0246],[99.9093,9.0993],[99.8757,9.1407],[99.8788,9.2188],[99.8637,9.2489],[99.8483,9.2541],[99.8433,9.2937],[99.8318,9.308],[99.8244,9.2983],[99.8088,9.2992],[99.7995,9.3055],[99.8012,9.3193],[99.7975,9.3089],[99.7854,9.3174],[99.7806,9.3095],[99.7694,9.3231],[99.7691,9.3003],[99.7508,9.2867],[99.7556,9.2186],[99.7289,9.1503],[99.7717,9.1108],[99.7717,9.0831],[99.785,9.0767],[99.7869,9.0603],[99.7767,9.0478],[99.7455,9.055],[99.7303,8.9739],[99.6889,8.9611],[99.6983,8.9433],[99.6939,8.9297],[99.6239,8.9053],[99.608,8.9211],[99.5867,8.9153],[99.5603,8.8781],[99.5553,8.8492],[99.5272,8.8461],[99.5286,8.7561],[99.5205,8.7228],[99.4922,8.6967],[99.4897,8.6658],[99.4669,8.6431],[99.4483,8.6394],[99.4494,8.5994],[99.408,8.5631],[99.3289,8.5194],[99.2805,8.5417],[99.2878,8.4722],[99.2564,8.4344],[99.2397,8.39],[99.2444,8.3672]]]}},{"type":"Feature","properties":{"iso":"TH-26","name_en":"Nakhon Nayok Province","label_lon":101.1601,"label_lat":14.2293},"geometry":{"type":"Polygon","coordinates":[[[101.1402,13.9684],[101.1327,13.9955],[101.1966,14.0192],[101.213,14.0503],[101.3214,14.0586],[101.325,14.0833],[101.2969,14.1478],[101.3883,14.2186],[101.3961,14.2719],[101.4225,14.2569],[101.4475,14.2558],[101.4778,14.2678],[101.5011,14.2656],[101.5153,14.2889],[101.5155,14.3106],[101.478,14.3692],[101.4314,14.3889],[101.4092,14.4248],[101.3875,14.4289],[101.3111,14.4919],[101.2919,14.4928],[101.2775,14.5061],[101.2642,14.495],[101.2636,14.4728],[101.2428,14.4797],[101.2294,14.4681],[101.2369,14.4542],[101.2283,14.4311],[101.2142,14.4297],[101.2039,14.3933],[101.2086,14.375],[101.1841,14.3533],[101.1608,14.3469],[101.1311,14.3781],[101.0808,14.3844],[101.0566,14.4108],[101.0605,14.3706],[101.0378,14.3514],[101.0414,14.3253],[100.9914,14.2864],[100.9705,14.3017],[100.9483,14.2986],[100.9467,14.2371],[100.914,14.2215],[100.9142,13.9612],[101.044,13.9766],[101.1402,13.9684]]]}},{"type":"Feature","properties":{"iso":"TH-49","name_en":"Mukdahan Province","label_lon":104.4727,"label_lat":16.5732},"geometry":{"type":"Polygon","coordinates":[[[104.3559,16.3233],[104.3953,16.3447],[104.5019,16.3414],[104.5211,16.3136],[104.5591,16.31],[104.5869,16.2517],[104.6369,16.2114],[104.6594,16.2136],[104.6683,16.2375],[104.6825,16.2419],[104.6864,16.2281],[104.7119,16.2108],[104.8219,16.1897],[104.8886,16.2111],[104.9047,16.2378],[104.9777,16.2793],[104.9575,16.2916],[104.9262,16.3343],[104.8902,16.3482],[104.8437,16.4527],[104.7734,16.4952],[104.7367,16.5418],[104.7426,16.6307],[104.764,16.7],[104.737,16.8054],[104.2464,16.8989],[104.2053,16.8828],[104.1336,16.8936],[104.1064,16.8367],[104.0725,16.8261],[104.1333,16.7564],[104.1572,16.7025],[104.1708,16.6975],[104.1697,16.68],[104.1869,16.6689],[104.1778,16.6494],[104.1861,16.6047],[104.2405,16.5214],[104.244,16.4329],[104.2831,16.4472],[104.2961,16.4719],[104.31,16.4694],[104.3255,16.4258],[104.3278,16.3294],[104.3559,16.3233]]]}},{"type":"Feature","properties":{"iso":"TH-16","name_en":"Lopburi Province","label_lon":100.8913,"label_lat":15.0718},"geometry":{"type":"Polygon","coordinates":[[[100.4477,15.0781],[100.4339,15.0453],[100.4489,15.0322],[100.4608,14.9647],[100.4327,14.9186],[100.4466,14.8683],[100.4747,14.8411],[100.4825,14.8122],[100.4828,14.7708],[100.4936,14.7494],[100.4769,14.7248],[100.5219,14.6775],[100.5467,14.6786],[100.5536,14.6631],[100.5939,14.6558],[100.6125,14.6986],[100.6386,14.7047],[100.6614,14.7283],[100.724,14.7582],[100.7468,14.8076],[100.7748,14.7947],[100.8062,14.7951],[100.8188,14.8052],[100.9022,14.7689],[100.92,14.7442],[100.9508,14.7475],[100.9855,14.7831],[100.9839,14.8147],[101.0244,14.8392],[101.0925,14.8517],[101.4098,15.0],[101.398,15.0403],[101.3786,15.0639],[101.348,15.0656],[101.3117,15.0869],[101.2747,15.0917],[101.2839,15.1506],[101.2786,15.2444],[101.3028,15.29],[101.2853,15.3189],[101.2555,15.3361],[101.25,15.3886],[101.1964,15.4056],[101.1322,15.3919],[101.0872,15.4267],[101.0478,15.4267],[101.0208,15.4556],[100.9736,15.4831],[100.88,15.4653],[100.7633,15.4858],[100.7394,15.4975],[100.7517,15.4592],[100.7433,15.4347],[100.5925,15.2872],[100.563,15.2706],[100.5339,15.2292],[100.53,15.1967],[100.493,15.1733],[100.4808,15.1103],[100.4477,15.0781]]]}},{"type":"Feature","properties":{"iso":"TH-81","name_en":"Krabi Province","label_lon":99.0238,"label_lat":8.1704},"geometry":{"type":"MultiPolygon","coordinates":[[[[99.2004,7.4341],[99.197,7.4004],[99.2166,7.401],[99.2158,7.4058],[99.2004,7.4341]]],[[[99.0812,7.5484],[99.0802,7.5981],[99.0679,7.6152],[99.0595,7.6134],[99.0476,7.6441],[99.0201,7.6491],[99.0321,7.6292],[99.0352,7.5642],[99.0676,7.4981],[99.0985,7.4672],[99.11,7.4982],[99.0812,7.5484]]],[[[98.9575,8.0213],[98.9497,8.032],[98.9536,8.0498],[98.9396,8.0581],[98.9332,8.056],[98.9234,8.0611],[98.9251,8.0381],[98.9183,8.0358],[98.9522,8.0048],[98.9575,8.0213]]],[[[99.1097,7.7345],[99.1104,7.7256],[99.1159,7.7527],[99.1076,7.757],[99.102,7.7526],[99.1097,7.7345]]],[[[98.7581,7.744],[98.7692,7.7171],[98.7693,7.7385],[98.7927,7.7279],[98.7577,7.7861],[98.7659,7.7653],[98.7602,7.7604],[98.7741,7.7442],[98.7581,7.744]]],[[[98.7717,7.6785],[98.7652,7.6989],[98.7654,7.671],[98.7717,7.6785]]],[[[99.1098,7.686],[99.0408,7.6845],[99.0395,7.6533],[99.0567,7.635],[99.0633,7.6492],[99.0705,7.6553],[99.0719,7.6548],[99.0568,7.6331],[99.0595,7.6212],[99.0775,7.6362],[99.0801,7.6255],[99.0952,7.6253],[99.0867,7.6072],[99.1164,7.5994],[99.1192,7.587],[99.125,7.6102],[99.1173,7.6247],[99.1292,7.6541],[99.1098,7.686]]],[[[98.7133,8.625],[98.7066,8.5758],[98.6589,8.5503],[98.6707,8.5299],[98.6583,8.4961],[98.6712,8.4588],[98.6618,8.4236],[98.6459,8.4166],[98.6573,8.3877],[98.6345,8.3747],[98.6421,8.3438],[98.6245,8.2982],[98.6284,8.2821],[98.6354,8.2758],[98.6363,8.286],[98.6479,8.2723],[98.7022,8.3119],[98.7197,8.2594],[98.7081,8.2235],[98.7164,8.2205],[98.729,8.2476],[98.7503,8.2056],[98.7527,8.1842],[98.7353,8.136],[98.7456,8.1424],[98.7583,8.1297],[98.7483,8.1215],[98.7396,8.0766],[98.7634,8.0411],[98.7651,8.0235],[98.7737,8.0242],[98.7735,8.0419],[98.8015,8.0461],[98.8432,8.0017],[98.8419,8.0112],[98.8605,8.0283],[98.8852,8.0221],[98.9061,8.0479],[98.9197,8.0508],[98.9226,8.0635],[98.944,8.0575],[98.955,8.0497],[98.9527,8.0303],[98.9615,8.0258],[98.959,8.0038],[98.9423,7.9878],[98.9726,7.9328],[99.0007,7.9409],[99.016,7.9249],[99.0272,7.8897],[99.0636,7.9033],[99.0583,7.8779],[99.0659,7.8691],[99.0473,7.8522],[99.0434,7.8343],[99.0172,7.8219],[99.0316,7.7968],[99.0201,7.7638],[99.0405,7.703],[99.099,7.6928],[99.109,7.7197],[99.1008,7.7526],[99.119,7.7687],[99.1353,7.7716],[99.1426,7.7434],[99.1704,7.7276],[99.1768,7.7048],[99.1936,7.6922],[99.204,7.6961],[99.1967,7.671],[99.2381,7.6797],[99.2598,7.6574],[99.308,7.6892],[99.3184,7.7197],[99.343,7.7406],[99.2917,7.8467],[99.3461,7.9111],[99.338,7.9431],[99.3219,7.9589],[99.3475,7.9933],[99.3317,8.0311],[99.298,8.0614],[99.2841,8.1011],[99.3017,8.1189],[99.2919,8.1567],[99.3178,8.201],[99.3161,8.2933],[99.2658,8.3414],[99.2155,8.3219],[99.1955,8.3278],[99.1825,8.3214],[99.14,8.3331],[99.1203,8.3503],[99.075,8.3553],[99.0603,8.3519],[99.0308,8.3219],[98.9983,8.3144],[98.9811,8.3247],[98.9427,8.3247],[98.9139,8.31],[98.89,8.4131],[98.9083,8.4717],[98.8836,8.515],[98.9294,8.5608],[98.9178,8.585],[98.8958,8.6083],[98.8689,8.6183],[98.855,8.6408],[98.8,8.6439],[98.7703,8.6736],[98.75,8.6694],[98.7341,8.6303],[98.7133,8.625]]]]}},{"type":"Feature","properties":{"iso":"TH-20","name_en":"Chon Buri Province","label_lon":101.2247,"label_lat":13.0977},"geometry":{"type":"MultiPolygon","coordinates":[[[[100.9565,12.5091],[100.9603,12.5155],[100.9529,12.5299],[100.9524,12.5148],[100.9565,12.5091]]],[[[100.9529,12.55],[100.9631,12.5635],[100.9476,12.588],[100.9428,12.5784],[100.9529,12.55]]],[[[100.6783,12.9515],[100.6636,12.9426],[100.6804,12.9202],[100.6783,12.9515]]],[[[100.81,13.1254],[100.8225,13.1412],[100.8072,13.1801],[100.7985,13.1634],[100.81,13.1254]]],[[[100.7761,12.6738],[100.7888,12.6745],[100.8054,12.6949],[100.8031,12.7178],[100.7744,12.7194],[100.7733,12.7043],[100.7654,12.7147],[100.7761,12.6738]]],[[[100.7701,12.9283],[100.7741,12.8974],[100.7802,12.9006],[100.7902,12.9375],[100.7797,12.9257],[100.7701,12.9283]]],[[[100.9735,13.4643],[100.9691,13.4278],[100.9865,13.3818],[100.9701,13.3523],[100.9265,13.3417],[100.9181,13.3156],[100.9022,13.3168],[100.8975,13.3019],[100.9274,13.2592],[100.9364,13.2031],[100.9249,13.169],[100.9005,13.1437],[100.8986,13.125],[100.8811,13.112],[100.8718,13.0835],[100.8726,13.0762],[100.8861,13.0764],[100.8825,13.0635],[100.8975,13.0719],[100.8845,13.06],[100.9066,13.0515],[100.8905,13.047],[100.893,13.0389],[100.9146,13.045],[100.9278,13.0079],[100.9091,12.976],[100.8831,12.9708],[100.8825,12.9367],[100.8698,12.9253],[100.8622,12.9302],[100.8559,12.9184],[100.8982,12.8565],[100.9133,12.8066],[100.8932,12.7659],[100.8564,12.7641],[100.8528,12.7533],[100.8406,12.7527],[100.8341,12.7333],[100.8379,12.6975],[100.8552,12.694],[100.8407,12.6757],[100.8558,12.6764],[100.8622,12.6671],[100.851,12.6495],[100.9016,12.6623],[100.9178,12.6583],[100.9305,12.6453],[100.9276,12.632],[100.914,12.6282],[100.9245,12.6073],[100.9633,12.5949],[100.9683,12.6444],[100.9914,12.6558],[100.9842,12.7111],[101.0,12.7553],[101.0017,12.7942],[101.0405,12.8197],[101.0575,12.8447],[101.0597,12.8722],[101.0947,12.9072],[101.0903,12.9769],[101.0667,13.0036],[101.093,13.0289],[101.175,13.0206],[101.18,13.0294],[101.1608,13.0608],[101.1927,13.0789],[101.2761,13.0456],[101.3075,13.0703],[101.323,13.0717],[101.3897,13.0175],[101.4086,13.0192],[101.4367,13.0422],[101.4664,13.0306],[101.5039,13.0719],[101.5322,13.0639],[101.5672,13.0792],[101.5825,13.1292],[101.5986,13.1281],[101.6417,13.1542],[101.6925,13.1339],[101.7178,13.1825],[101.6827,13.2481],[101.6358,13.2939],[101.5619,13.3322],[101.5264,13.3975],[101.4894,13.4172],[101.4464,13.4094],[101.4039,13.4589],[101.3661,13.4553],[101.3119,13.5036],[101.2972,13.5389],[101.2839,13.5489],[101.1405,13.5903],[101.1205,13.5639],[101.0508,13.545],[101.0535,13.509],[101.0253,13.4903],[101.0181,13.4742],[100.9972,13.4633],[100.9735,13.4643]]]]}},{"type":"Feature","properties":{"iso":"TH-50","name_en":"Chiang Mai Province","label_lon":98.6208,"label_lat":18.6951},"geometry":{"type":"Polygon","coordinates":[[[99.5133,20.1475],[99.4946,20.1333],[99.4982,20.1162],[99.4382,20.0906],[99.4006,20.086],[99.3091,20.1123],[99.2471,20.1121],[99.2104,20.1309],[99.1592,20.1328],[99.1259,20.1173],[99.1304,20.104],[99.077,20.1011],[99.067,20.0684],[99.0444,20.0383],[99.0435,20.0171],[99.0546,20.0033],[99.032,19.9738],[99.0451,19.9492],[99.0426,19.9313],[99.0218,19.9272],[99.0307,19.8344],[99.0151,19.7942],[99.0045,19.7815],[98.9916,19.7829],[98.9869,19.7395],[98.9562,19.7518],[98.9516,19.7688],[98.9303,19.7738],[98.9167,19.7621],[98.8984,19.7658],[98.8396,19.8136],[98.8227,19.7882],[98.7959,19.776],[98.7789,19.7528],[98.7512,19.7604],[98.7377,19.7544],[98.7114,19.7688],[98.7037,19.7579],[98.6662,19.7497],[98.6592,19.7355],[98.6254,19.7284],[98.6262,19.715],[98.6081,19.7091],[98.59,19.7158],[98.5717,19.7041],[98.566,19.6721],[98.5097,19.7176],[98.4677,19.6949],[98.4905,19.6528],[98.5505,19.6089],[98.5591,19.5583],[98.5753,19.5422],[98.5764,19.5139],[98.6008,19.4947],[98.6094,19.4753],[98.5983,19.4403],[98.6005,19.4],[98.5905,19.3875],[98.6058,19.3567],[98.6122,19.2775],[98.6036,19.2531],[98.6069,19.2272],[98.5867,19.2053],[98.6497,19.1275],[98.6547,19.0886],[98.6397,19.0567],[98.5455,19.0239],[98.4797,19.0361],[98.4642,19.0042],[98.4161,19.0278],[98.3466,19.0303],[98.2747,19.1],[98.2475,19.1419],[98.208,19.1644],[98.1575,19.1506],[98.1483,19.1092],[98.1158,19.0808],[98.1336,19.0428],[98.1066,18.99],[98.1244,18.93],[98.0808,18.8236],[98.0983,18.7767],[98.1169,18.7758],[98.1225,18.7636],[98.1083,18.7258],[98.1128,18.6667],[98.0986,18.6381],[98.1194,18.5986],[98.1125,18.5419],[98.1575,18.485],[98.2025,18.4633],[98.2125,18.4494],[98.1961,18.4375],[98.1714,18.4408],[98.1514,18.3958],[98.0994,18.3486],[98.1019,18.3244],[98.1211,18.3106],[98.0908,18.2286],[98.1091,18.2092],[98.1053,18.1414],[98.1297,18.1],[98.0939,18.0606],[98.0828,18.025],[98.0861,17.9967],[98.1058,17.9611],[98.1564,17.9308],[98.2,17.8681],[98.2272,17.8567],[98.2441,17.8361],[98.2444,17.8214],[98.223,17.8053],[98.228,17.7856],[98.215,17.7844],[98.2108,17.7708],[98.2286,17.7556],[98.2347,17.7211],[98.3025,17.6958],[98.2944,17.6753],[98.2619,17.6567],[98.2578,17.5858],[98.2605,17.5742],[98.3042,17.5708],[98.3242,17.5261],[98.3116,17.445],[98.3367,17.4275],[98.3314,17.4139],[98.3105,17.4019],[98.3394,17.3475],[98.3339,17.3069],[98.4172,17.2483],[98.4697,17.27],[98.5236,17.275],[98.5678,17.2922],[98.5708,17.3481],[98.5489,17.3633],[98.5644,17.3947],[98.5664,17.423],[98.5344,17.4611],[98.5353,17.5147],[98.5553,17.5556],[98.6069,17.5692],[98.6247,17.5942],[98.6086,17.6547],[98.6478,17.6953],[98.655,17.7314],[98.7056,17.7576],[98.7583,17.7575],[98.7744,17.7411],[98.8064,17.7347],[98.8392,17.7147],[98.8805,17.7264],[98.8983,17.7453],[98.91,17.8267],[98.8903,17.8536],[98.8575,17.9619],[98.8514,17.9706],[98.8128,17.9706],[98.8003,18.0089],[98.8217,18.0825],[98.8125,18.0972],[98.8158,18.1486],[98.7939,18.1781],[98.7936,18.2375],[98.7389,18.2778],[98.6676,18.3061],[98.6757,18.3149],[98.6722,18.3267],[98.7041,18.3338],[98.6813,18.3686],[98.7095,18.4138],[98.693,18.4165],[98.7049,18.4368],[98.72,18.4344],[98.7251,18.4453],[98.7428,18.4316],[98.7648,18.4347],[98.778,18.4498],[98.8133,18.4623],[98.8669,18.5148],[98.8785,18.5104],[98.9339,18.5418],[98.9379,18.5631],[98.9825,18.6111],[99.0133,18.67],[99.0511,18.6536],[99.0728,18.6761],[99.1107,18.6797],[99.1428,18.7042],[99.1833,18.7039],[99.1833,18.6856],[99.2278,18.6358],[99.2297,18.6197],[99.215,18.6114],[99.2147,18.5961],[99.2922,18.5408],[99.3147,18.5297],[99.328,18.5433],[99.3279,18.5702],[99.3486,18.5825],[99.3564,18.6108],[99.3211,18.6317],[99.3425,18.6572],[99.3303,18.6864],[99.3667,18.7619],[99.3516,18.8458],[99.3713,18.8549],[99.3906,18.883],[99.3777,18.919],[99.3853,18.9473],[99.3721,18.9812],[99.4013,19.0],[99.3876,19.0259],[99.3844,19.0631],[99.3456,19.0854],[99.3193,19.1296],[99.3169,19.1695],[99.3051,19.1763],[99.3097,19.2247],[99.3439,19.2642],[99.3171,19.3517],[99.3342,19.3664],[99.3103,19.43],[99.3181,19.4529],[99.3076,19.4892],[99.2936,19.4942],[99.3015,19.5172],[99.3253,19.5406],[99.2965,19.5661],[99.291,19.5957],[99.2665,19.6113],[99.26,19.6333],[99.2703,19.6606],[99.3242,19.7056],[99.3469,19.705],[99.3486,19.7169],[99.3633,19.7258],[99.3661,19.7681],[99.3844,19.8011],[99.4191,19.8133],[99.4094,19.8311],[99.4139,19.8403],[99.3917,19.8567],[99.3833,19.8842],[99.3931,19.9025],[99.4197,19.9186],[99.4191,19.958],[99.453,19.9761],[99.5033,19.9728],[99.5261,19.9617],[99.5422,19.9236],[99.5525,19.9147],[99.5667,19.9175],[99.57,19.9464],[99.5883,19.9655],[99.5828,19.9836],[99.5908,20.0117],[99.5461,20.0275],[99.5072,20.0558],[99.5,20.0711],[99.5064,20.0831],[99.5636,20.1108],[99.5667,20.1217],[99.5133,20.1475]]]}},{"type":"Feature","properties":{"iso":"TH-18","name_en":"Chai Nat Province","label_lon":100.0282,"label_lat":15.1643},"geometry":{"type":"Polygon","coordinates":[[[100.0579,15.4196],[100.0569,15.3978],[100.0369,15.4014],[100.0272,15.3908],[100.0703,15.3433],[100.0723,15.3153],[100.0542,15.2806],[100.065,15.2639],[100.0494,15.2636],[100.0408,15.2819],[100.0,15.2936],[99.9333,15.2942],[99.8878,15.2842],[99.8625,15.3017],[99.76,15.3181],[99.7222,15.2914],[99.7161,15.2739],[99.7319,15.2381],[99.7347,15.2033],[99.7697,15.1367],[99.8122,15.0817],[99.7947,15.0667],[99.7914,15.045],[99.7308,15.0081],[99.7208,14.9908],[99.7322,14.9742],[99.7258,14.9611],[99.7755,14.9586],[99.8789,14.9194],[99.978,14.9072],[100.0375,14.9178],[100.048,14.965],[100.1083,14.9519],[100.1464,14.9206],[100.2113,14.955],[100.2614,14.9503],[100.2855,14.9681],[100.3064,15.0033],[100.2961,15.0164],[100.2639,15.0267],[100.2719,15.0514],[100.3004,15.0597],[100.2729,15.1111],[100.2933,15.1258],[100.2931,15.1611],[100.3091,15.1675],[100.2922,15.2233],[100.2685,15.2546],[100.2695,15.2973],[100.2554,15.2975],[100.2164,15.3503],[100.1686,15.3733],[100.1244,15.4183],[100.0579,15.4196]]]}},{"type":"Feature","properties":{"iso":"TH-37","name_en":"Amnat Charoen Province","label_lon":104.7408,"label_lat":15.9296},"geometry":{"type":"Polygon","coordinates":[[[104.52,15.5589],[104.5471,15.5502],[104.5855,15.5674],[104.5825,15.6043],[104.6277,15.6558],[104.6046,15.6721],[104.6356,15.6876],[104.7401,15.6562],[104.8761,15.5559],[104.9276,15.6074],[104.9298,15.6409],[104.8925,15.653],[104.9026,15.7577],[104.9578,15.7911],[104.9649,15.8579],[105.023,15.977],[105.0047,16.0198],[105.06,16.0979],[105.0411,16.1084],[105.0126,16.1895],[105.0149,16.2438],[104.9777,16.2793],[104.9047,16.2378],[104.8886,16.2111],[104.8128,16.1905],[104.8055,16.1561],[104.6158,16.1208],[104.5633,16.0794],[104.5355,16.0125],[104.5119,15.9892],[104.5031,15.9572],[104.4603,15.9019],[104.4608,15.8489],[104.4389,15.8181],[104.4361,15.7647],[104.4272,15.7569],[104.4241,15.7144],[104.4391,15.7003],[104.443,15.6308],[104.4614,15.6328],[104.463,15.6008],[104.5086,15.5881],[104.52,15.5589]]]}},{"type":"Feature","properties":{"iso":"TH-74","name_en":"Samut Sakhon Province","label_lon":100.2177,"label_lat":13.5784},"geometry":{"type":"Polygon","coordinates":[[[100.333,13.7211],[100.289,13.7129],[100.2748,13.6859],[100.2442,13.6745],[100.225,13.6715],[100.2157,13.6877],[100.193,13.6768],[100.1816,13.689],[100.1636,13.6767],[100.1546,13.6841],[100.1135,13.679],[100.1224,13.6537],[100.1069,13.6491],[100.0705,13.6566],[100.0664,13.6469],[100.0783,13.6311],[100.0478,13.5961],[100.0464,13.5444],[100.0347,13.5136],[100.0881,13.4282],[100.2511,13.4755],[100.2663,13.4852],[100.2754,13.5065],[100.3302,13.4863],[100.409,13.4934],[100.4064,13.5354],[100.417,13.5354],[100.4203,13.5454],[100.4133,13.5607],[100.3947,13.5572],[100.3755,13.6188],[100.3394,13.655],[100.333,13.7211]]]}},{"type":"Feature","properties":{"iso":"TH-11","name_en":"Samut Prakan Province","label_lon":100.7189,"label_lat":13.5983},"geometry":{"type":"Polygon","coordinates":[[[100.8608,13.697],[100.8593,13.6898],[100.788,13.7167],[100.7163,13.7184],[100.6982,13.6559],[100.6554,13.6723],[100.65,13.6524],[100.6358,13.6487],[100.5795,13.6693],[100.5861,13.6942],[100.5561,13.7061],[100.548,13.6728],[100.5204,13.6756],[100.5142,13.6286],[100.521,13.6051],[100.4946,13.5876],[100.4769,13.603],[100.4697,13.5927],[100.4641,13.6057],[100.4539,13.606],[100.4448,13.5559],[100.4534,13.5041],[100.6324,13.5205],[100.8677,13.4817],[100.8794,13.5481],[100.89,13.5646],[100.9041,13.5541],[100.915,13.571],[100.9072,13.5921],[100.9234,13.5936],[100.9639,13.6446],[100.954,13.6471],[100.9558,13.6624],[100.8608,13.697]]]}},{"type":"Feature","properties":{"iso":"TH-55","name_en":"Nan Province","label_lon":100.7953,"label_lat":18.8172},"geometry":{"type":"Polygon","coordinates":[[[100.3383,18.8257],[100.3365,18.7876],[100.3624,18.7808],[100.3624,18.7489],[100.3933,18.7405],[100.3535,18.683],[100.4075,18.63],[100.3919,18.6175],[100.3853,18.5678],[100.4008,18.55],[100.4094,18.4936],[100.4208,18.4858],[100.4403,18.495],[100.4894,18.4933],[100.505,18.4761],[100.5311,18.4758],[100.5419,18.4547],[100.5422,18.4167],[100.5217,18.3664],[100.495,18.3414],[100.4922,18.3103],[100.5061,18.2786],[100.4708,18.22],[100.46,18.1611],[100.4183,18.1369],[100.398,18.1349],[100.3922,18.1165],[100.4004,18.1036],[100.3956,18.0871],[100.4087,18.0746],[100.4125,18.0194],[100.4203,18.0125],[100.4774,18.0263],[100.5442,18.0155],[100.55,18.0333],[100.6101,18.0496],[100.6573,18.0386],[100.6704,18.0447],[100.6928,18.0242],[100.7266,18.032],[100.7727,18.0268],[100.8039,18.0575],[100.8125,18.08],[100.8498,18.0837],[100.8768,18.1205],[100.8746,18.1402],[100.8848,18.1506],[100.9129,18.157],[100.9087,18.1939],[100.9245,18.2111],[100.9142,18.2266],[100.9192,18.2421],[100.958,18.2711],[100.9836,18.3088],[100.9968,18.3072],[101.0559,18.3546],[101.0731,18.3567],[101.0857,18.3803],[101.0837,18.3963],[101.0526,18.4253],[101.0541,18.4421],[101.0933,18.4791],[101.0915,18.4992],[101.1036,18.5215],[101.1386,18.5283],[101.1485,18.5524],[101.1833,18.5605],[101.1819,18.6122],[101.2261,18.6243],[101.2727,18.6886],[101.2571,18.7058],[101.2342,18.7118],[101.2238,18.7319],[101.2356,18.741],[101.2437,18.7703],[101.2527,18.7718],[101.2489,18.7907],[101.2585,18.8087],[101.2428,18.8317],[101.2543,18.8474],[101.2458,18.8886],[101.2536,18.906],[101.2744,18.9173],[101.2743,18.9302],[101.2953,18.9395],[101.2926,18.9809],[101.3101,19.0025],[101.3355,19.004],[101.3572,19.0499],[101.2567,19.1245],[101.2579,19.1496],[101.245,19.1812],[101.2595,19.2308],[101.2273,19.3047],[101.2419,19.3246],[101.2285,19.3472],[101.2051,19.3502],[101.187,19.3979],[101.1963,19.3994],[101.2152,19.4314],[101.205,19.4582],[101.2105,19.4733],[101.2664,19.4704],[101.2674,19.5034],[101.2851,19.5265],[101.2739,19.5506],[101.2879,19.5681],[101.2811,19.5819],[101.2463,19.5945],[101.2437,19.6036],[101.2075,19.6054],[101.1982,19.577],[101.1694,19.5859],[101.1228,19.5721],[101.1164,19.5838],[101.0973,19.5843],[101.0803,19.6037],[101.0681,19.6035],[101.0629,19.6188],[101.0353,19.6285],[101.0147,19.6198],[100.9822,19.6274],[100.9731,19.6192],[100.9168,19.6215],[100.8928,19.6341],[100.8599,19.5733],[100.7701,19.4873],[100.7576,19.5116],[100.6518,19.5563],[100.6093,19.5483],[100.5991,19.5103],[100.5805,19.4989],[100.5489,19.5194],[100.513,19.5233],[100.4829,19.5476],[100.4719,19.5316],[100.4842,19.4884],[100.5719,19.4678],[100.5505,19.4281],[100.5122,19.3953],[100.5114,19.3797],[100.5355,19.3431],[100.5544,19.3386],[100.5744,19.3486],[100.5808,19.3364],[100.608,19.3239],[100.5953,19.2497],[100.6103,19.215],[100.6194,19.1453],[100.6336,19.1281],[100.6086,19.1053],[100.563,19.0956],[100.5508,19.0647],[100.5711,19.0258],[100.5083,19.0517],[100.4725,19.0469],[100.4486,19.0006],[100.4955,18.9908],[100.5019,18.9783],[100.4545,18.9343],[100.4326,18.9469],[100.4046,18.9451],[100.3634,18.8482],[100.3383,18.8257]]]}},{"type":"Feature","properties":{"iso":"TH-22","name_en":"Chanthaburi Province","label_lon":102.1788,"label_lat":12.7983},"geometry":{"type":"Polygon","coordinates":[[[101.7322,13.1839],[101.6939,13.1442],[101.6853,13.1117],[101.7122,13.0344],[101.7422,13.0261],[101.7528,13.0094],[101.7372,12.9831],[101.7386,12.9647],[101.7531,12.9467],[101.7861,12.9508],[101.8044,12.8961],[101.8267,12.8942],[101.8306,12.8378],[101.82,12.7622],[101.8036,12.7503],[101.8039,12.7311],[101.7894,12.7183],[101.7931,12.7014],[101.7845,12.6927],[101.825,12.6738],[101.8629,12.6418],[101.8658,12.617],[101.8841,12.5876],[101.8829,12.602],[101.902,12.6007],[101.9092,12.577],[101.886,12.5821],[101.8859,12.5754],[101.9285,12.5362],[101.9444,12.532],[101.9488,12.5163],[101.9483,12.5381],[101.9621,12.5427],[102.0167,12.5249],[102.0421,12.4987],[102.0361,12.4868],[102.0467,12.4895],[102.0428,12.473],[102.0585,12.4684],[102.0619,12.4803],[102.0931,12.4621],[102.1239,12.423],[102.1198,12.4075],[102.1332,12.4118],[102.164,12.3963],[102.2576,12.297],[102.3049,12.3008],[102.3437,12.3348],[102.3448,12.3637],[102.3723,12.3903],[102.3684,12.4017],[102.3255,12.4276],[102.3325,12.4567],[102.35,12.4764],[102.3458,12.4989],[102.3255,12.5247],[102.3275,12.5544],[102.3633,12.5933],[102.4147,12.5644],[102.3907,12.5999],[102.4033,12.6117],[102.3944,12.6237],[102.3928,12.6706],[102.4389,12.7261],[102.5175,12.7519],[102.5356,12.7784],[102.5294,12.8182],[102.5147,12.8233],[102.5148,12.8411],[102.4979,12.8588],[102.5078,12.8658],[102.5091,12.8951],[102.4855,12.948],[102.5007,12.9614],[102.4873,12.9832],[102.5301,13.0025],[102.4944,13.0134],[102.4595,13.0822],[102.4338,13.0909],[102.4178,13.1373],[102.399,13.1566],[102.3932,13.1992],[102.3706,13.2368],[102.3671,13.2629],[102.3494,13.2774],[102.3528,13.2973],[102.3403,13.3042],[102.3247,13.2642],[102.2853,13.2389],[102.2655,13.1981],[102.2222,13.1994],[102.1933,13.2453],[102.1764,13.2461],[102.1328,13.1922],[102.0819,13.1797],[102.0436,13.1578],[102.0341,13.1672],[102.0294,13.2072],[102.0347,13.2661],[102.0103,13.2875],[101.9952,13.3362],[101.9483,13.2911],[101.9111,13.2783],[101.8889,13.22],[101.8786,13.2172],[101.8722,13.2333],[101.8553,13.2383],[101.8292,13.2283],[101.8167,13.2072],[101.7703,13.1808],[101.7322,13.1839]]]}},{"type":"Feature","properties":{"iso":"TH-48","name_en":"Nakhon Phanom Province","label_lon":104.5992,"label_lat":17.416},"geometry":{"type":"Polygon","coordinates":[[[104.2464,16.8989],[104.737,16.8054],[104.7594,16.8445],[104.7361,16.9174],[104.7295,17.0083],[104.8015,17.1647],[104.8039,17.3715],[104.796,17.4018],[104.7465,17.4568],[104.7078,17.5208],[104.4618,17.6611],[104.3551,17.8226],[104.2734,17.8659],[104.2248,17.98],[104.1879,18.0248],[104.1811,18.0039],[104.1683,17.9981],[104.1194,17.9955],[104.1161,17.9764],[104.1325,17.9556],[104.1347,17.9094],[104.113,17.8847],[104.11,17.8622],[104.0694,17.88],[104.0441,17.9347],[104.0083,17.925],[103.9978,17.9128],[103.9864,17.8647],[104.0142,17.8278],[104.0119,17.7697],[104.0197,17.7569],[104.0403,17.7592],[104.048,17.7319],[104.0636,17.7355],[104.0586,17.7114],[104.0742,17.7],[104.0644,17.6867],[104.08,17.6781],[104.0617,17.6455],[104.0292,17.6322],[104.0494,17.5792],[104.0347,17.5611],[104.0347,17.5211],[104.0086,17.4719],[104.0511,17.3864],[104.08,17.3778],[104.098,17.3817],[104.0964,17.4008],[104.1344,17.3814],[104.1575,17.4111],[104.2253,17.405],[104.31,17.4222],[104.4155,17.4208],[104.4111,17.3669],[104.4283,17.3372],[104.4233,17.32],[104.4444,17.2486],[104.4014,17.1744],[104.4,17.1222],[104.3606,17.0915],[104.3547,17.0664],[104.3955,17.0382],[104.3919,17.0142],[104.3247,16.9794],[104.3105,16.9411],[104.2464,16.8989]]]}},{"type":"Feature","properties":{"iso":"TH-71","name_en":"Kanchanaburi Province","label_lon":98.9058,"label_lat":14.6941},"geometry":{"type":"Polygon","coordinates":[[[99.0047,15.1414],[98.9751,15.1852],[98.9566,15.2344],[98.9305,15.2589],[98.8919,15.2725],[98.8739,15.3144],[98.8022,15.4142],[98.775,15.4328],[98.7672,15.4664],[98.7197,15.4942],[98.7341,15.5119],[98.6636,15.6211],[98.6446,15.6375],[98.6262,15.6269],[98.6274,15.6377],[98.5926,15.6463],[98.5837,15.663],[98.5581,15.655],[98.563,15.6397],[98.5529,15.6017],[98.5854,15.4712],[98.5803,15.3756],[98.5596,15.336],[98.5495,15.3376],[98.5375,15.371],[98.5098,15.375],[98.5,15.3893],[98.4828,15.3916],[98.4813,15.3774],[98.47,15.3711],[98.457,15.3853],[98.4501,15.3832],[98.455,15.3681],[98.4171,15.3654],[98.3896,15.3346],[98.4017,15.3082],[98.3866,15.2999],[98.4073,15.302],[98.4175,15.272],[98.4039,15.2551],[98.3742,15.2843],[98.2977,15.3135],[98.2942,15.2966],[98.3038,15.2809],[98.2809,15.271],[98.2586,15.2237],[98.2351,15.2201],[98.2125,15.2365],[98.1977,15.2335],[98.2134,15.182],[98.1904,15.1508],[98.1817,15.1084],[98.193,15.0768],[98.2098,15.0763],[98.2314,15.0444],[98.2128,15.0204],[98.2083,14.9846],[98.2333,14.9666],[98.2287,14.9469],[98.2432,14.9401],[98.251,14.916],[98.2298,14.8903],[98.2593,14.8585],[98.2458,14.8312],[98.2539,14.8138],[98.2766,14.797],[98.3236,14.7098],[98.3379,14.7099],[98.3616,14.6885],[98.3666,14.6662],[98.4372,14.6131],[98.4593,14.5773],[98.4616,14.5309],[98.4919,14.5406],[98.5114,14.4776],[98.533,14.4432],[98.5458,14.4407],[98.565,14.3849],[98.5769,14.3684],[98.5939,14.3762],[98.6016,14.3217],[98.6146,14.3125],[98.6305,14.316],[98.6812,14.2733],[98.6998,14.2738],[98.7053,14.253],[98.8135,14.1754],[98.8348,14.172],[98.8992,14.1091],[98.9206,14.11],[98.9451,14.0929],[98.959,14.097],[98.9689,14.0801],[98.9713,14.034],[98.9988,14.0192],[99.0208,13.9456],[99.0593,13.9293],[99.0773,13.894],[99.1077,13.8932],[99.1109,13.8674],[99.0994,13.8381],[99.1144,13.8307],[99.1214,13.8136],[99.1214,13.773],[99.1537,13.7555],[99.1608,13.7264],[99.2011,13.7278],[99.2539,13.7686],[99.28,13.7583],[99.2966,13.77],[99.3297,13.7508],[99.3505,13.75],[99.4533,13.7814],[99.4711,13.8006],[99.4991,13.7694],[99.5403,13.7544],[99.5817,13.7925],[99.6247,13.7983],[99.6494,13.8161],[99.6844,13.8225],[99.8097,13.8167],[99.8205,13.8608],[99.8425,13.8711],[99.8678,13.9392],[99.8808,13.9519],[99.8589,13.9614],[99.8522,13.9942],[99.823,14.0011],[99.8069,14.035],[99.8122,14.0747],[99.7892,14.0975],[99.7744,14.0956],[99.7628,14.1653],[99.8194,14.22],[99.8222,14.5117],[99.8289,14.5236],[99.8922,14.5583],[99.8447,14.6033],[99.8708,14.6333],[99.8444,14.6578],[99.7844,14.6772],[99.6625,14.8022],[99.6283,14.8025],[99.6,14.7844],[99.5436,14.7969],[99.5272,14.725],[99.505,14.6997],[99.4611,14.6883],[99.4333,14.7211],[99.4497,14.7453],[99.4378,14.7658],[99.41,14.7758],[99.3705,14.7658],[99.328,14.8294],[99.294,14.8349],[99.2788,14.8568],[99.2752,14.8758],[99.3142,14.8843],[99.3071,14.9058],[99.3194,14.9211],[99.3213,14.9473],[99.3125,14.9673],[99.2865,14.9924],[99.2575,14.9839],[99.2348,15.0064],[99.1934,15.0213],[99.182,15.0125],[99.1578,15.0135],[99.1358,15.0322],[99.1414,15.0478],[99.0758,15.0352],[99.0192,15.0552],[99.002,15.0709],[99.0111,15.0801],[98.999,15.0981],[99.0047,15.1414]]]}},{"type":"Feature","properties":{"iso":"TH-58","name_en":"Mae Hong Son Province","label_lon":97.9376,"label_lat":18.7075},"geometry":{"type":"Polygon","coordinates":[[[98.3025,17.6958],[98.2347,17.7211],[98.2286,17.7556],[98.2105,17.775],[98.228,17.7856],[98.223,17.8053],[98.2444,17.8214],[98.2441,17.8361],[98.2272,17.8567],[98.2,17.8681],[98.1564,17.9308],[98.1058,17.9611],[98.0861,17.9967],[98.0828,18.025],[98.0939,18.0606],[98.1297,18.1],[98.1053,18.1414],[98.1091,18.2092],[98.0908,18.2286],[98.1211,18.3106],[98.1019,18.3244],[98.0994,18.3486],[98.1514,18.3958],[98.1714,18.4408],[98.1961,18.4375],[98.2125,18.4494],[98.2025,18.4633],[98.1575,18.485],[98.1125,18.5419],[98.1194,18.5986],[98.0986,18.6381],[98.1128,18.6667],[98.1083,18.7258],[98.1225,18.7636],[98.1169,18.7758],[98.0983,18.7767],[98.0808,18.8236],[98.1244,18.93],[98.1066,18.99],[98.1336,19.0428],[98.1158,19.0808],[98.1483,19.1092],[98.1575,19.1506],[98.208,19.1644],[98.2475,19.1419],[98.3361,19.0347],[98.4161,19.0278],[98.4642,19.0042],[98.4797,19.0361],[98.5455,19.0239],[98.6161,19.0425],[98.6489,19.0667],[98.6553,19.1014],[98.6247,19.1675],[98.5867,19.2053],[98.6069,19.2272],[98.6036,19.2531],[98.6122,19.2775],[98.6058,19.3567],[98.5905,19.3875],[98.6005,19.4],[98.5983,19.4403],[98.6094,19.4753],[98.6008,19.4947],[98.5764,19.5139],[98.5753,19.5422],[98.5591,19.5583],[98.5505,19.6089],[98.4997,19.6433],[98.4604,19.6978],[98.4142,19.693],[98.3931,19.7043],[98.3695,19.6891],[98.3232,19.6988],[98.2964,19.682],[98.2485,19.6764],[98.232,19.697],[98.238,19.7085],[98.2288,19.7277],[98.193,19.7379],[98.184,19.76],[98.1354,19.7882],[98.1006,19.7721],[98.0829,19.7923],[98.0834,19.8103],[98.0538,19.803],[98.048,19.8142],[98.0344,19.8055],[98.0378,19.7653],[98.0247,19.7221],[98.0346,19.7006],[98.0323,19.6714],[98.0443,19.6535],[98.0259,19.6374],[97.9726,19.6344],[97.975,19.602],[97.9607,19.5927],[97.9432,19.5972],[97.9024,19.5776],[97.8617,19.5758],[97.8552,19.5314],[97.8882,19.5006],[97.8729,19.4958],[97.8129,19.4125],[97.7854,19.3984],[97.8036,19.3877],[97.7988,19.3527],[97.8429,19.2929],[97.8103,19.2793],[97.8016,19.2891],[97.7827,19.2675],[97.8094,19.2533],[97.8452,19.2159],[97.837,19.095],[97.8109,19.0908],[97.792,19.0736],[97.769,19.0732],[97.769,19.045],[97.7356,19.0405],[97.7383,18.9787],[97.7046,18.9677],[97.7073,18.9579],[97.6923,18.9486],[97.6681,18.9478],[97.6655,18.9379],[97.6891,18.9256],[97.7039,18.8974],[97.7413,18.8816],[97.749,18.8451],[97.7389,18.8284],[97.7527,18.8086],[97.754,18.7667],[97.7635,18.7589],[97.7516,18.7371],[97.774,18.6892],[97.7692,18.5788],[97.7513,18.5762],[97.7312,18.5865],[97.7224,18.5736],[97.6999,18.5696],[97.6511,18.5772],[97.6353,18.5587],[97.6141,18.5612],[97.6199,18.5393],[97.6131,18.5457],[97.6034,18.5362],[97.5717,18.535],[97.5634,18.5217],[97.546,18.5295],[97.5344,18.4911],[97.5018,18.4935],[97.4818,18.5111],[97.4664,18.4978],[97.444,18.495],[97.4267,18.5454],[97.4032,18.5667],[97.3631,18.5599],[97.3619,18.5995],[97.3438,18.5761],[97.3462,18.5461],[97.3868,18.5054],[97.3986,18.4587],[97.4182,18.4356],[97.4264,18.408],[97.4521,18.3898],[97.4421,18.3601],[97.4476,18.3303],[97.5018,18.2674],[97.5366,18.2862],[97.5594,18.3394],[97.6202,18.3179],[97.6395,18.2877],[97.6093,18.2379],[97.6516,18.1775],[97.6759,18.1617],[97.6772,18.115],[97.6911,18.0854],[97.6799,18.0751],[97.6818,18.0641],[97.6984,18.0664],[97.7079,18.0566],[97.7365,17.9866],[97.7352,17.957],[97.6874,17.925],[97.672,17.8825],[97.6758,17.8678],[97.6994,17.8192],[97.7181,17.8194],[97.7451,17.7714],[97.7588,17.771],[97.7742,17.753],[97.7628,17.7445],[97.7627,17.7255],[97.7938,17.6794],[97.9037,17.5865],[97.9116,17.5668],[97.9744,17.57],[97.9911,17.5908],[98.1158,17.645],[98.1964,17.6428],[98.2378,17.6819],[98.3025,17.6958]]]}},{"type":"Feature","properties":{"iso":"TH-27","name_en":"Sa Kaeo Province","label_lon":102.291,"label_lat":13.6859},"geometry":{"type":"Polygon","coordinates":[[[101.9808,13.4008],[102.0103,13.2875],[102.0347,13.2661],[102.0294,13.2072],[102.0341,13.1672],[102.0436,13.1578],[102.0819,13.1797],[102.1328,13.1922],[102.1764,13.2461],[102.1933,13.2453],[102.2222,13.1994],[102.2703,13.2019],[102.2853,13.2389],[102.3247,13.2642],[102.3403,13.3042],[102.3528,13.2973],[102.3596,13.3137],[102.3451,13.3469],[102.3604,13.4016],[102.3552,13.4612],[102.3635,13.505],[102.3338,13.5375],[102.3401,13.5597],[102.3592,13.565],[102.3666,13.5779],[102.3971,13.5667],[102.421,13.5713],[102.4388,13.5598],[102.4801,13.5725],[102.5268,13.5645],[102.5628,13.5791],[102.5799,13.6061],[102.6242,13.6087],[102.5754,13.6297],[102.5506,13.6651],[102.591,13.7068],[102.6886,13.7519],[102.7017,13.768],[102.732,13.7709],[102.7232,13.7933],[102.7663,13.8564],[102.7829,13.9328],[102.8666,14.0043],[102.9113,14.0173],[102.8978,14.0518],[102.9007,14.0834],[102.9232,14.106],[102.925,14.1321],[102.9409,14.1509],[102.9358,14.1681],[102.8908,14.1636],[102.8778,14.1525],[102.8244,14.1675],[102.7686,14.1406],[102.7225,14.1317],[102.685,14.1414],[102.6555,14.1342],[102.6286,14.1544],[102.6116,14.1339],[102.5941,14.1486],[102.5675,14.1281],[102.5389,14.1208],[102.535,14.1064],[102.5542,14.0964],[102.5225,14.0867],[102.5044,14.0922],[102.4928,14.1439],[102.4603,14.1383],[102.4275,14.1572],[102.3939,14.145],[102.36,14.1572],[102.32,14.1478],[102.3028,14.1278],[102.2819,14.1275],[102.2772,14.1406],[102.2244,14.1422],[102.2211,14.1669],[102.1955,14.1881],[102.1711,14.1714],[102.1658,14.1372],[102.1197,14.1439],[101.9878,13.5872],[101.9983,13.5],[101.9519,13.4892],[101.9439,13.4744],[101.9472,13.4414],[101.9808,13.4008]]]}},{"type":"Feature","properties":{"iso":"TH-91","name_en":"Satun Province","label_lon":100.0,"label_lat":6.7873},"geometry":{"type":"MultiPolygon","coordinates":[[[[99.3067,6.4958],[99.2842,6.4816],[99.3111,6.4825],[99.3067,6.4958]]],[[[99.1753,6.5164],[99.1853,6.5225],[99.1572,6.5411],[99.1553,6.5258],[99.1753,6.5164]]],[[[99.2764,6.5773],[99.2843,6.5086],[99.3152,6.5093],[99.3255,6.5522],[99.3138,6.5568],[99.3162,6.5643],[99.2764,6.5773]]],[[[99.1931,6.5773],[99.1813,6.5462],[99.164,6.5476],[99.218,6.5379],[99.257,6.5556],[99.2591,6.5641],[99.2473,6.5829],[99.1931,6.5773]]],[[[99.5439,6.8313],[99.5281,6.8336],[99.5251,6.828],[99.5341,6.8228],[99.5439,6.8313]]],[[[99.6942,6.532],[99.6943,6.6015],[99.6783,6.6256],[99.6848,6.6838],[99.6466,6.7395],[99.6414,6.7051],[99.6566,6.7066],[99.6565,6.7036],[99.6447,6.7028],[99.6366,6.6705],[99.6148,6.6599],[99.6138,6.6219],[99.5966,6.5967],[99.6145,6.566],[99.6382,6.5481],[99.6533,6.5033],[99.6733,6.512],[99.6685,6.5249],[99.6771,6.5395],[99.6942,6.532]]],[[[100.0464,7.0633],[99.9989,7.0597],[99.9261,7.1406],[99.9183,7.1389],[99.8955,7.0792],[99.8775,7.0656],[99.8566,7.0725],[99.8314,7.1011],[99.8197,7.1461],[99.7758,7.1272],[99.7341,7.1292],[99.7358,7.1128],[99.713,7.1012],[99.7107,7.0787],[99.7007,7.0659],[99.6971,7.0771],[99.6696,7.0412],[99.6843,7.0126],[99.6704,7.0039],[99.6887,6.952],[99.681,6.9411],[99.6875,6.9049],[99.6779,6.9001],[99.6975,6.8557],[99.7173,6.8594],[99.7549,6.8325],[99.7766,6.8404],[99.7975,6.8125],[99.8073,6.7734],[99.8427,6.7768],[99.8707,6.7436],[99.877,6.7209],[99.904,6.7224],[99.9147,6.7144],[99.9072,6.7058],[99.9232,6.6904],[99.926,6.6674],[99.935,6.6573],[99.9568,6.6573],[99.9747,6.6288],[99.9499,6.6166],[99.951,6.5832],[99.9851,6.6068],[100.0108,6.5579],[100.0586,6.517],[100.078,6.5566],[100.0887,6.5506],[100.0991,6.5184],[100.0842,6.4965],[100.1021,6.4971],[100.1238,6.4229],[100.1591,6.4807],[100.1568,6.5793],[100.1757,6.5666],[100.1836,6.5728],[100.1661,6.6316],[100.1683,6.6476],[100.1807,6.6543],[100.1715,6.6934],[100.1858,6.7168],[100.2051,6.7261],[100.2116,6.7503],[100.1916,6.7978],[100.2203,6.8692],[100.1961,6.9039],[100.1219,6.9294],[100.0811,6.9747],[100.0677,7.0394],[100.0464,7.0633]]]]}}]}
